{
    "per_feature": {
        "Fare": {
            "stats": {
                "std": 46.70685682772917, 
                "p99": 245.32126199999973, 
                "min": 0.0, 
                "max": 512.3292, 
                "average": 32.48555070224714, 
                "median": 14.75
            }, 
            "missing_impute_with_value": 32.48555070224714
        }, 
        "isAlone": {
            "stats": {
                "mostFrequentValue": "true", 
                "leastFrequentValue": "false"
            }, 
            "category_possible_counts": [
                422
            ], 
            "category_possible_values": [
                "true"
            ]
        }, 
        "Embarked": {
            "stats": {
                "mostFrequentValue": "S", 
                "leastFrequentValue": "Q"
            }, 
            "category_possible_counts": [
                525, 
                132
            ], 
            "category_possible_values": [
                "S", 
                "C"
            ]
        }, 
        "Family_count": {
            "stats": {
                "std": 1.636762973329767, 
                "p99": 7.0, 
                "min": 0.0, 
                "max": 10.0, 
                "average": 0.9325842696629213, 
                "median": 0.0
            }, 
            "missing_impute_with_value": 0.9325842696629213
        }, 
        "Age": {
            "stats": {
                "std": 13.074075816097295, 
                "p99": 65.0, 
                "min": 0.42, 
                "max": 74.0, 
                "average": 30.098908267450074, 
                "median": 29.881137667304014
            }, 
            "missing_impute_with_value": 30.098908267450074
        }, 
        "Title": {
            "stats": {
                "mostFrequentValue": "Mr", 
                "leastFrequentValue": "Sir"
            }, 
            "category_possible_counts": [
                418, 
                139, 
                102, 
                30, 
                5, 
                4, 
                2, 
                2, 
                2, 
                1, 
                1, 
                1, 
                1, 
                1, 
                1, 
                1
            ], 
            "category_possible_values": [
                "Mr", 
                "Miss", 
                "Mrs", 
                "Master", 
                "Rev", 
                "Dr", 
                "Mlle", 
                "Col", 
                "Major", 
                "Lady", 
                "Jonkheer", 
                "Don", 
                "Ms", 
                "Mme", 
                "Capt", 
                "the Countess"
            ]
        }, 
        "Parch": {
            "stats": {
                "std": 0.8431953306621989, 
                "p99": 4.0, 
                "min": 0.0, 
                "max": 6.0, 
                "average": 0.4044943820224719, 
                "median": 0.0
            }, 
            "missing_impute_with_value": 0.4044943820224719
        }, 
        "Pclass": {
            "stats": {
                "std": 0.8434576755944159, 
                "p99": 3.0, 
                "min": 1.0, 
                "max": 3.0, 
                "average": 2.2808988764044944, 
                "median": 3.0
            }, 
            "missing_impute_with_value": 2.2808988764044944
        }, 
        "Sex": {
            "stats": {
                "mostFrequentValue": "male", 
                "leastFrequentValue": "female"
            }, 
            "category_possible_counts": [
                464
            ], 
            "category_possible_values": [
                "male"
            ]
        }, 
        "Survived": {
            "stats": {}
        }, 
        "Ticket": {
            "stats": {
                "mostFrequentValue": "347082", 
                "leastFrequentValue": "29105"
            }, 
            "category_possible_counts": [
                7, 
                6, 
                5, 
                5, 
                4, 
                4, 
                4, 
                4, 
                4, 
                4, 
                4, 
                3, 
                3, 
                3, 
                3, 
                3, 
                3, 
                3, 
                3, 
                3, 
                3, 
                3, 
                3, 
                3, 
                3, 
                3, 
                3, 
                3, 
                2, 
                2, 
                2, 
                2, 
                2, 
                2, 
                2, 
                2, 
                2, 
                2, 
                2, 
                2, 
                2, 
                2, 
                2, 
                2, 
                2, 
                2, 
                2, 
                2, 
                2, 
                2, 
                2, 
                2, 
                2, 
                2, 
                2, 
                2, 
                2, 
                2, 
                2, 
                2, 
                2, 
                2, 
                2, 
                2, 
                2, 
                2, 
                2, 
                2, 
                2, 
                2, 
                2, 
                2, 
                2, 
                2, 
                2, 
                2, 
                2, 
                2, 
                2, 
                2, 
                2, 
                2, 
                2, 
                2, 
                2, 
                2, 
                2, 
                2, 
                2, 
                2, 
                2, 
                2, 
                2, 
                2, 
                2, 
                2, 
                1, 
                1, 
                1, 
                1, 
                1
            ], 
            "category_possible_values": [
                "347082", 
                "CA. 2343", 
                "1601", 
                "3101295", 
                "347077", 
                "113781", 
                "PC 17757", 
                "347088", 
                "S.O.C. 14879", 
                "CA 2144", 
                "382652", 
                "19950", 
                "C.A. 31921", 
                "17421", 
                "4133", 
                "349909", 
                "110413", 
                "2666", 
                "PC 17760", 
                "239853", 
                "PC 17582", 
                "113760", 
                "W./C. 6608", 
                "SC/Paris 2123", 
                "LINE", 
                "24160", 
                "230080", 
                "29106", 
                "113776", 
                "S.C./PARIS 2079", 
                "347742", 
                "PC 17569", 
                "A/4 48871", 
                "35281", 
                "111361", 
                "C.A. 2673", 
                "PC 17477", 
                "2668", 
                "A/5. 3336", 
                "2665", 
                "113806", 
                "110152", 
                "36947", 
                "WE/P 5735", 
                "19877", 
                "347054", 
                "12749", 
                "PC 17604", 
                "28403", 
                "367226", 
                "376564", 
                "19943", 
                "PP 9549", 
                "364849", 
                "PC 17558", 
                "239865", 
                "2659", 
                "13507", 
                "S.O./P.P. 3", 
                "230433", 
                "16966", 
                "345773", 
                "110465", 
                "248738", 
                "250655", 
                "2653", 
                "113798", 
                "36973", 
                "230136", 
                "F.C.C. 13529", 
                "36928", 
                "349237", 
                "54636", 
                "C.A. 34651", 
                "248727", 
                "358585", 
                "231919", 
                "2661", 
                "PC 17608", 
                "PC 17761", 
                "13502", 
                "17474", 
                "345764", 
                "250644", 
                "11668", 
                "371110", 
                "19928", 
                "370129", 
                "PC 17758", 
                "W./C. 6607", 
                "C.A. 33112", 
                "113505", 
                "29750", 
                "19996", 
                "P/PP 3381", 
                "250649", 
                "3101277", 
                "PC 17473", 
                "C.A. 6212", 
                "113051", 
                "347073"
            ]
        }, 
        "PassengerId": {
            "stats": {}
        }, 
        "SibSp": {
            "stats": {
                "std": 1.1121615161661775, 
                "p99": 5.0, 
                "min": 0.0, 
                "max": 8.0, 
                "average": 0.5280898876404494, 
                "median": 0.0
            }, 
            "missing_impute_with_value": 0.5280898876404494
        }, 
        "Cabin": {
            "stats": {
                "mostFrequentValue": "C", 
                "leastFrequentValue": "G"
            }, 
            "category_possible_counts": [
                53, 
                39, 
                29, 
                24, 
                11, 
                9
            ], 
            "category_possible_values": [
                "C", 
                "B", 
                "E", 
                "D", 
                "A", 
                "F"
            ]
        }
    }, 
    "feature_order": [
        "Fare", 
        "isAlone", 
        "Embarked", 
        "Family_count", 
        "Age", 
        "Title", 
        "Parch", 
        "Pclass", 
        "Sex", 
        "Survived", 
        "Ticket", 
        "PassengerId", 
        "SibSp", 
        "Cabin"
    ]
}