{
  "algorithm": "GBT_CLASSIFICATION",
  "gbt_classifier_grid": {
    "enabled": true,
    "n_estimators": {
      "values": [
        100
      ],
      "nValues": 0,
      "gridMode": "EXPLICIT"
    },
    "max_depth": {
      "values": [
        3
      ],
      "nValues": 0,
      "gridMode": "EXPLICIT"
    },
    "min_samples_leaf": {
      "values": [
        3
      ],
      "nValues": 0,
      "gridMode": "EXPLICIT"
    },
    "selection_mode": "auto",
    "max_features": {
      "values": [
        0
      ],
      "nValues": 0,
      "gridMode": "EXPLICIT"
    },
    "max_feature_prop": 0.3,
    "learning_rate": {
      "values": [
        0.1
      ],
      "nValues": 0,
      "gridMode": "EXPLICIT"
    },
    "loss": {
      "values": {
        "deviance": {
          "enabled": true
        },
        "exponential": {
          "enabled": false
        }
      }
    }
  },
  "max_ensemble_nodes_serialized": 6000,
  "metrics": {
    "evaluationMetric": "ROC_AUC",
    "customEvaluationMetricGIB": true,
    "customEvaluationMetricNeedsProba": false,
    "thresholdOptimizationMetric": "F1",
    "costMatrixWeights": {
      "tpGain": 1.0,
      "tnGain": 0.0,
      "fpGain": -0.3,
      "fnGain": 0.0
    },
    "liftPoint": 0.4
  },
  "autoOptimizeThreshold": true,
  "forcedClassifierThreshold": 0.0,
  "gridLength": 1,
  "grid_search_params": {
    "mode": "KFOLD",
    "splitRatio": 0.8,
    "shuffleIterations": 1,
    "nFolds": 3,
    "stratified": true,
    "strategy": "GRID",
    "randomized": true,
    "nIter": 0,
    "timeout": 0,
    "nJobs": 4
  },
  "pluginAlgoCustomGridSearch": false,
  "computeLearningCurves": false,
  "skipExpensiveReports": false
}