{
  "state": "DONE",
  "preSearchDescription": {
    "gridLength": 1,
    "importantParams": [
      {
        "name": "trees",
        "vals": [
          "100"
        ]
      },
      {
        "name": "learning_rate",
        "vals": [
          "0.1"
        ]
      },
      {
        "name": "max_depth",
        "vals": [
          "3"
        ]
      }
    ]
  },
  "postSearchDescription": {
    "importantParams": [
      {
        "name": "trees",
        "val": "100"
      },
      {
        "name": "learning_rate",
        "val": "0.1"
      },
      {
        "name": "max_depth",
        "val": "3"
      }
    ]
  },
  "timeOrderingEnabled": false,
  "sampleWeightsEnabled": false,
  "modelId": "m1",
  "progress": {
    "top_level_todo": [],
    "stack": [],
    "top_level_done": [
      {
        "name": "Loading train set",
        "time": 8
      },
      {
        "name": "Loading test set",
        "time": 5
      },
      {
        "name": "Collecting statistics",
        "time": 15
      },
      {
        "name": "Preprocessing train set",
        "time": 32
      },
      {
        "name": "Preprocessing test set",
        "time": 25
      },
      {
        "name": "Fitting model",
        "time": 279
      },
      {
        "name": "Saving model",
        "time": 37
      },
      {
        "name": "Scoring model",
        "time": 481
      }
    ]
  },
  "startTime": 1586528241498,
  "endTime": 1586528242385,
  "preprocessingTime": 88,
  "trainingTime": 799
}