{
    "details": {
        "Home_Ownership": {
            "levels": [
                "RENT", 
                "MORTGAGE", 
                "OWNER", 
                "MORTGAE"
            ], 
            "with_others": false
        }, 
        "State": {
            "levels": [
                "CA", 
                "NY", 
                "TX", 
                "FL", 
                "IL", 
                "PA", 
                "GA", 
                "NJ", 
                "VA", 
                "NC", 
                "MD", 
                "CO", 
                "OH", 
                "MA", 
                "WA", 
                "MI", 
                "AZ", 
                "CT", 
                "MN", 
                "AL", 
                "MO", 
                "SC", 
                "OR", 
                "NV", 
                "WI", 
                "KY", 
                "LA", 
                "KS", 
                "OK", 
                "UT", 
                "NH", 
                "NM", 
                "RI", 
                "DC", 
                "HI", 
                "AK", 
                "AR", 
                "WV", 
                "MT", 
                "DE", 
                "WY", 
                "VT", 
                "SD", 
                "IN", 
                "IA"
            ], 
            "with_others": false
        }, 
        "Loan_Purpose": {
            "levels": [
                "debt_consolidation", 
                "credit_card", 
                "other", 
                "home_improvement", 
                "major_purchase", 
                "small_business", 
                "car", 
                "wedding", 
                "moving", 
                "medical", 
                "vacation", 
                "educational", 
                "house"
            ], 
            "with_others": false
        }, 
        "Loan_Length": {
            "levels": [
                "36 months"
            ], 
            "with_others": false
        }
    }
}