{
  "params": {
    "ttPolicy": "SPLIT_SINGLE_DATASET",
    "ssdSplitMode": "RANDOM",
    "splitBeforePrepare": true,
    "ssdSelection": {
      "useMemTable": false,
      "filter": {
        "distinct": false,
        "enabled": false
      },
      "partitionSelectionMethod": "ALL",
      "latestPartitionsN": 1,
      "ordering": {
        "enabled": false,
        "rules": []
      },
      "samplingMethod": "HEAD_SEQUENTIAL",
      "maxRecords": 100000,
      "targetRatio": 0.02,
      "withinFirstN": -1,
      "maxReadUncompressedBytes": -1
    },
    "ssdTrainingRatio": 0.8,
    "ssdSeed": 1337,
    "testOnLargerValues": true,
    "kfold": false,
    "nFolds": 5,
    "instanceIdRefresher": 0,
    "subSamplingSeed": 1337
  },
  "generationDate": 1586528223254,
  "policyId": "type\u003dSPLIT_SINGLE_DATASET,split\u003dRANDOM,splitBeforePrepare\u003dtrue,ds\u003dknown_prep,sel\u003d(method\u003dhead-s,records\u003d100000),r\u003d0.8,s\u003d1337",
  "instanceId": "da3529fe21778f02afcbb845193fba2f-0",
  "format": "csv1",
  "schema": {
    "columns": [
      {"name":"PassengerId","type":"bigint"},
      {"name":"Survived","type":"bigint"},
      {"name":"Pclass","type":"bigint"},
      {"name":"Title","type":"string"},
      {"name":"Sex","type":"string"},
      {"name":"Age","type":"double"},
      {"name":"SibSp","type":"bigint"},
      {"name":"Parch","type":"bigint"},
      {"name":"Family_count","type":"bigint"},
      {"name":"isAlone","type":"boolean"},
      {"name":"Ticket","type":"string","downcastedToStringFromMeaning":"LongMeaning"},
      {"name":"Fare","type":"double"},
      {"name":"Cabin","type":"string"},
      {"name":"Embarked","type":"string"}
    ],
    "userModified": false
  },
  "trainPath": "train.csv.gz",
  "testPath": "test.csv.gz",
  "trainRows": 712,
  "testRows": 177,
  "fullRows": 0
}