{
  "algorithm": "SVC_CLASSIFICATION",
  "svc_grid": {
    "enabled": true,
    "C": {
      "values": [
        1.0
      ],
      "nValues": 0,
      "gridMode": "EXPLICIT"
    },
    "gamma": {
      "values": [
        0.0
      ],
      "nValues": 0,
      "gridMode": "EXPLICIT"
    },
    "kernel": {
      "values": {
        "linear": {
          "enabled": false
        },
        "poly": {
          "enabled": false
        },
        "rbf": {
          "enabled": true
        },
        "sigmoid": {
          "enabled": false
        }
      }
    },
    "coef0": 0.0,
    "tol": 0.001,
    "max_iter": -1
  },
  "max_ensemble_nodes_serialized": 0,
  "metrics": {
    "evaluationMetric": "ROC_AUC",
    "customEvaluationMetricGIB": true,
    "customEvaluationMetricNeedsProba": false,
    "thresholdOptimizationMetric": "F1",
    "costMatrixWeights": {
      "tpGain": 1.0,
      "tnGain": 0.0,
      "fpGain": -0.3,
      "fnGain": 0.0
    },
    "liftPoint": 0.4
  },
  "autoOptimizeThreshold": true,
  "forcedClassifierThreshold": 0.0,
  "gridLength": 1,
  "grid_search_params": {
    "mode": "KFOLD",
    "splitRatio": 0.8,
    "shuffleIterations": 1,
    "nFolds": 3,
    "stratified": true,
    "strategy": "GRID",
    "randomized": true,
    "nIter": 0,
    "timeout": 0,
    "nJobs": 4
  },
  "pluginAlgoCustomGridSearch": false,
  "computeLearningCurves": false,
  "skipExpensiveReports": false
}