{
  "pages": [
    {
      "id": "4y5X6gv",
      "grid": {
        "tiles": [
          {
            "tileType": "INSIGHT",
            "box": {
              "top": 1,
              "left": 0,
              "width": 6,
              "height": 4
            },
            "clickAction": "OPEN_INSIGHT",
            "tileParams": {
              "showXAxis": true,
              "showYAxis": true,
              "showLegend": false,
              "showTooltips": true,
              "autoPlayAnimation": true
            },
            "autoLoad": true,
            "showTitle": "YES",
            "insightId": "Bz7Isek",
            "insightType": "chart",
            "displayMode": "INSIGHT",
            "resizeImageMode": "FIT_SIZE"
          },
          {
            "tileType": "TEXT",
            "box": {
              "top": 0,
              "left": 0,
              "width": 12,
              "height": 1
            },
            "clickAction": "DO_NOTHING",
            "tileParams": {
              "text": "# Some very simple first charts",
              "textAlign": "CENTER",
              "isTransparent": false
            },
            "autoLoad": true,
            "showTitle": "NO",
            "displayMode": "INSIGHT",
            "resizeImageMode": "FIT_SIZE"
          },
          {
            "tileType": "TEXT",
            "box": {
              "top": 5,
              "left": 0,
              "width": 12,
              "height": 1
            },
            "clickAction": "DO_NOTHING",
            "tileParams": {
              "text": "# My First model results",
              "textAlign": "CENTER",
              "isTransparent": false
            },
            "autoLoad": true,
            "showTitle": "NO",
            "displayMode": "INSIGHT",
            "resizeImageMode": "FIT_SIZE"
          },
          {
            "tileType": "INSIGHT",
            "box": {
              "top": 6,
              "left": 0,
              "width": 3,
              "height": 5
            },
            "clickAction": "DO_NOTHING",
            "tileParams": {
              "displayMode": "summary"
            },
            "autoLoad": true,
            "showTitle": "YES",
            "insightId": "iRjZu2h",
            "insightType": "saved-model_report",
            "displayMode": "INSIGHT",
            "resizeImageMode": "FIT_SIZE"
          },
          {
            "tileType": "INSIGHT",
            "box": {
              "top": 6,
              "left": 3,
              "width": 5,
              "height": 5
            },
            "clickAction": "DO_NOTHING",
            "tileParams": {
              "displayMode": "c_roc"
            },
            "autoLoad": true,
            "showTitle": "YES",
            "insightId": "X7qOhjZ",
            "insightType": "saved-model_report",
            "displayMode": "INSIGHT",
            "resizeImageMode": "FIT_SIZE"
          },
          {
            "tileType": "INSIGHT",
            "box": {
              "top": 6,
              "left": 8,
              "width": 4,
              "height": 5
            },
            "clickAction": "DO_NOTHING",
            "tileParams": {
              "displayMode": "bc_confusion"
            },
            "autoLoad": true,
            "showTitle": "YES",
            "insightId": "FFdRj0F",
            "insightType": "saved-model_report",
            "displayMode": "INSIGHT",
            "resizeImageMode": "FIT_SIZE"
          },
          {
            "tileType": "INSIGHT",
            "box": {
              "top": 1,
              "left": 9,
              "width": 3,
              "height": 4
            },
            "clickAction": "OPEN_INSIGHT",
            "tileParams": {
              "showXAxis": true,
              "showYAxis": true,
              "showLegend": false,
              "showTooltips": true,
              "autoPlayAnimation": true
            },
            "autoLoad": true,
            "showTitle": "YES",
            "insightId": "NehuSxA",
            "insightType": "chart",
            "displayMode": "INSIGHT",
            "resizeImageMode": "FIT_SIZE"
          },
          {
            "tileType": "INSIGHT",
            "box": {
              "top": 1,
              "left": 6,
              "width": 3,
              "height": 4
            },
            "clickAction": "OPEN_INSIGHT",
            "tileParams": {
              "showXAxis": true,
              "showYAxis": true,
              "showLegend": false,
              "showTooltips": true,
              "autoPlayAnimation": true
            },
            "autoLoad": true,
            "showTitle": "YES",
            "insightId": "btmvr4O",
            "insightType": "chart",
            "displayMode": "INSIGHT",
            "resizeImageMode": "FIT_SIZE"
          }
        ]
      },
      "showTitle": false
    }
  ],
  "owner": "dataiku-admin",
  "listed": true,
  "name": "Titanic",
  "showGrid": true,
  "versionTag": {
    "versionNumber": 22,
    "lastModifiedBy": {
      "login": "dataiku-admin"
    },
    "lastModifiedOn": 1586533237962
  },
  "creationTag": {
    "versionNumber": 0,
    "lastModifiedBy": {
      "login": "dataiku-admin"
    },
    "lastModifiedOn": 1586443143284
  },
  "tags": [],
  "customFields": {},
  "checklists": {
    "checklists": []
  }
}