{
  "connection": "postgres-local",
  "name": "My first query",
  "cells": [
    {
      "id": "mmfue1bu0xo",
      "type": "QUERY",
      "querySettings": {
        "addLimitToStatement": true,
        "statementsOutOfTransaction": false,
        "inheritConf": "default",
        "extraConf": [],
        "addDkuUdf": false,
        "statementsParseMode": "SPLIT",
        "statementsExecutionMode": "PREPARED"
      }
    },
    {
      "id": "b45kzoy5wq",
      "type": "QUERY",
      "querySettings": {
        "addLimitToStatement": true,
        "statementsOutOfTransaction": false,
        "inheritConf": "default",
        "extraConf": [],
        "addDkuUdf": false,
        "statementsParseMode": "SPLIT",
        "statementsExecutionMode": "PREPARED"
      }
    },
    {
      "id": "890j5jusy4t",
      "type": "QUERY",
      "querySettings": {
        "addLimitToStatement": true,
        "statementsOutOfTransaction": false,
        "inheritConf": "default",
        "extraConf": [],
        "addDkuUdf": false,
        "statementsParseMode": "SPLIT",
        "statementsExecutionMode": "PREPARED"
      }
    }
  ],
  "automationLocal": false,
  "versionTag": {
    "versionNumber": 3,
    "lastModifiedBy": {
      "login": "admin"
    },
    "lastModifiedOn": 1586438852876
  },
  "creationTag": {
    "versionNumber": 0,
    "lastModifiedBy": {
      "login": "admin"
    },
    "lastModifiedOn": 1586425585967
  },
  "tags": [],
  "customFields": {},
  "checklists": {
    "checklists": []
  }
}