{
  "queries": {
    "mmfue1bu0xo": [
      {
        "mode": "SQL",
        "id": "jWLJoBzv2kVp",
        "runOn": 1586425645293,
        "runIn": 336,
        "runBy": "admin",
        "connection": "postgres-local",
        "state": "DONE",
        "futureId": "PQe0lsXs",
        "hash": "3f89f815b633d1b78769c59e6fda84e2",
        "querySettings": {
          "addLimitToStatement": true,
          "statementsOutOfTransaction": false,
          "inheritConf": "default",
          "extraConf": [],
          "addDkuUdf": false,
          "statementsParseMode": "SPLIT",
          "statementsExecutionMode": "PREPARED"
        },
        "sql": "select\n    \"Status\",\n    count(\"id\"),\n    avg(\"nb_year_employment\"::float) as \"avg_year_of_employment\"\n-- double-dash is a way to comment in SQL\n-- below, you should replace YOUR_PROJECT by the KEY of your project, available in the url in uppercase\nfrom \"FICO_customer_information_copy\"\ngroup by \"Status\"\n",
        "expandedSql": "select\n    \"Status\",\n    count(\"id\"),\n    avg(\"nb_year_employment\"::float) as \"avg_year_of_employment\"\n-- double-dash is a way to comment in SQL\n-- below, you should replace YOUR_PROJECT by the KEY of your project, available in the url in uppercase\nfrom \"FICO_customer_information_copy\"\ngroup by \"Status\"\n"
      }
    ],
    "b45kzoy5wq": [
      {
        "mode": "SQL",
        "id": "9TDK1yV5frdh",
        "runOn": 1586426977629,
        "runIn": 142,
        "runBy": "admin",
        "connection": "postgres-local",
        "state": "DONE",
        "futureId": "U03gRciF",
        "hash": "8536bf1a229968d08d55421524a0f066",
        "querySettings": {
          "addLimitToStatement": true,
          "statementsOutOfTransaction": false,
          "inheritConf": "default",
          "extraConf": [],
          "addDkuUdf": false,
          "statementsParseMode": "SPLIT",
          "statementsExecutionMode": "PREPARED"
        },
        "sql": "select *\n\tfrom \"FICO_customer_information_copy\" \"customers\"\n    left join \"FICO_loan_request_copy\" \"requests\"\n    on \"customers\".\"id\" \u003d \"requests\".\"id\"",
        "expandedSql": "select *\n\tfrom \"FICO_customer_information_copy\" \"customers\"\n    left join \"FICO_loan_request_copy\" \"requests\"\n    on \"customers\".\"id\" \u003d \"requests\".\"id\""
      }
    ],
    "890j5jusy4t": [
      {
        "mode": "SQL",
        "id": "kVQekCIHo3P0",
        "runOn": 1586439024256,
        "runIn": 128,
        "runBy": "admin",
        "connection": "postgres-local",
        "state": "FAILED",
        "futureId": "UWMzsYVm",
        "hash": "8d28f8c3c10504b04a64bed4b8859ea4",
        "querySettings": {
          "addLimitToStatement": true,
          "statementsOutOfTransaction": false,
          "inheritConf": "default",
          "extraConf": [],
          "addDkuUdf": false,
          "statementsParseMode": "SPLIT",
          "statementsExecutionMode": "PREPARED"
        },
        "sql": "select \n\tcount(\"id\"),\n    avg(\"Age\"::float) as \"age_avg\",\n    avg(\"Monthly_Income\"::float) as \"monthly_income_avg\",\n    from \"FICO_customer_information_copy\"\nwhere \"Default\"::float \u003d 0\ngroup by \"State\"\norder by \"monthly_income_avg\" desc",
        "expandedSql": "select \n\tcount(\"id\"),\n    avg(\"Age\"::float) as \"age_avg\",\n    avg(\"Monthly_Income\"::float) as \"monthly_income_avg\",\n    from \"FICO_customer_information_copy\"\nwhere \"Default\"::float \u003d 0\ngroup by \"State\"\norder by \"monthly_income_avg\" desc"
      },
      {
        "mode": "SQL",
        "id": "3CPUjG8ayTF4",
        "runOn": 1586439036859,
        "runIn": 270,
        "runBy": "admin",
        "connection": "postgres-local",
        "state": "DONE",
        "futureId": "TKmdIniL",
        "hash": "a9e135eeb6039a93d15b30cf741ae5e0",
        "querySettings": {
          "addLimitToStatement": true,
          "statementsOutOfTransaction": false,
          "inheritConf": "default",
          "extraConf": [],
          "addDkuUdf": false,
          "statementsParseMode": "SPLIT",
          "statementsExecutionMode": "PREPARED"
        },
        "sql": "select \n\tcount(\"id\"),\n    avg(\"Age\"::float) as \"age_avg\",\n    avg(\"Monthly_Income\"::float) as \"monthly_income_avg\"\n    from \"FICO_customer_information_copy\"\nwhere \"Default\"::float \u003d 0\ngroup by \"State\"\norder by \"monthly_income_avg\" desc",
        "expandedSql": "select \n\tcount(\"id\"),\n    avg(\"Age\"::float) as \"age_avg\",\n    avg(\"Monthly_Income\"::float) as \"monthly_income_avg\"\n    from \"FICO_customer_information_copy\"\nwhere \"Default\"::float \u003d 0\ngroup by \"State\"\norder by \"monthly_income_avg\" desc"
      },
      {
        "mode": "SQL",
        "id": "AT9unwCnzL2a",
        "runOn": 1586439067792,
        "runIn": 43,
        "runBy": "admin",
        "connection": "postgres-local",
        "state": "DONE",
        "futureId": "gaEPo3DW",
        "hash": "579c2c09d3e826052e884357d2fb7184",
        "querySettings": {
          "addLimitToStatement": true,
          "statementsOutOfTransaction": false,
          "inheritConf": "default",
          "extraConf": [],
          "addDkuUdf": false,
          "statementsParseMode": "SPLIT",
          "statementsExecutionMode": "PREPARED"
        },
        "sql": "select \n\t\"State\",\n\tcount(\"id\") as \"count_customers\",\n    avg(\"Age\"::float) as \"age_avg\",\n    avg(\"Monthly_Income\"::float) as \"monthly_income_avg\"\n    from \"FICO_customer_information_copy\"\nwhere \"Default\"::float \u003d 0\ngroup by \"State\"\norder by \"monthly_income_avg\" desc",
        "expandedSql": "select \n\t\"State\",\n\tcount(\"id\") as \"count_customers\",\n    avg(\"Age\"::float) as \"age_avg\",\n    avg(\"Monthly_Income\"::float) as \"monthly_income_avg\"\n    from \"FICO_customer_information_copy\"\nwhere \"Default\"::float \u003d 0\ngroup by \"State\"\norder by \"monthly_income_avg\" desc"
      },
      {
        "mode": "SQL",
        "id": "2CE99lBZDqGf",
        "runOn": 1586535169058,
        "runIn": 306,
        "runBy": "admin",
        "connection": "postgres-local",
        "state": "DONE",
        "futureId": "3lUZz8xR",
        "hash": "579c2c09d3e826052e884357d2fb7184",
        "querySettings": {
          "addLimitToStatement": true,
          "statementsOutOfTransaction": false,
          "inheritConf": "default",
          "extraConf": [],
          "addDkuUdf": false,
          "statementsParseMode": "SPLIT",
          "statementsExecutionMode": "PREPARED"
        },
        "sql": "select \n\t\"State\",\n\tcount(\"id\") as \"count_customers\",\n    avg(\"Age\"::float) as \"age_avg\",\n    avg(\"Monthly_Income\"::float) as \"monthly_income_avg\"\n    from \"FICO_customer_information_copy\"\nwhere \"Default\"::float \u003d 0\ngroup by \"State\"\norder by \"monthly_income_avg\" desc",
        "expandedSql": "select \n\t\"State\",\n\tcount(\"id\") as \"count_customers\",\n    avg(\"Age\"::float) as \"age_avg\",\n    avg(\"Monthly_Income\"::float) as \"monthly_income_avg\"\n    from \"FICO_customer_information_copy\"\nwhere \"Default\"::float \u003d 0\ngroup by \"State\"\norder by \"monthly_income_avg\" desc"
      }
    ]
  }
}