[
    {
        "parameters": {
            "penalty": "l2", 
            "C": 0.01
        }, 
        "score_time": 13, 
        "test_score": 0.826776000981555, 
        "fit_time": 10, 
        "num_samples": 597, 
        "best_iteration": null, 
        "train_score": 0.8325742393878666, 
        "parameter_id": 0, 
        "time": 23, 
        "done_at": 1586432488007, 
        "grid_point_id": "{\"penalty\": \"l2\", \"C\": 0.01}@2"
    }, 
    {
        "parameters": {
            "penalty": "l2", 
            "C": 100.0
        }, 
        "score_time": 158, 
        "test_score": 0.7935871743486974, 
        "fit_time": 63, 
        "num_samples": 598, 
        "best_iteration": null, 
        "train_score": 0.86795926879139, 
        "parameter_id": 4, 
        "time": 221, 
        "done_at": 1586432487808, 
        "grid_point_id": "{\"penalty\": \"l2\", \"C\": 100.0}@0"
    }, 
    {
        "parameters": {
            "penalty": "l2", 
            "C": 1.0
        }, 
        "score_time": 48, 
        "test_score": 0.8368251654824801, 
        "fit_time": 21, 
        "num_samples": 598, 
        "best_iteration": null, 
        "train_score": 0.8541448378991485, 
        "parameter_id": 2, 
        "time": 69, 
        "done_at": 1586432487994, 
        "grid_point_id": "{\"penalty\": \"l2\", \"C\": 1.0}@1"
    }, 
    {
        "parameters": {
            "penalty": "l2", 
            "C": 0.1
        }, 
        "score_time": 93, 
        "test_score": 0.795975789963766, 
        "fit_time": 32, 
        "num_samples": 598, 
        "best_iteration": null, 
        "train_score": 0.8545161388767382, 
        "parameter_id": 1, 
        "time": 125, 
        "done_at": 1586432487928, 
        "grid_point_id": "{\"penalty\": \"l2\", \"C\": 0.1}@0"
    }, 
    {
        "parameters": {
            "penalty": "l2", 
            "C": 100.0
        }, 
        "score_time": 177, 
        "test_score": 0.8030606667881217, 
        "fit_time": 100, 
        "num_samples": 598, 
        "best_iteration": null, 
        "train_score": 0.8594549505101574, 
        "parameter_id": 4, 
        "time": 277, 
        "done_at": 1586432487881, 
        "grid_point_id": "{\"penalty\": \"l2\", \"C\": 100.0}@1"
    }, 
    {
        "parameters": {
            "penalty": "l2", 
            "C": 1.0
        }, 
        "score_time": 35, 
        "test_score": 0.8063601951377504, 
        "fit_time": 22, 
        "num_samples": 598, 
        "best_iteration": null, 
        "train_score": 0.8630458887317783, 
        "parameter_id": 2, 
        "time": 57, 
        "done_at": 1586432487959, 
        "grid_point_id": "{\"penalty\": \"l2\", \"C\": 1.0}@0"
    }, 
    {
        "parameters": {
            "penalty": "l2", 
            "C": 0.1
        }, 
        "score_time": 35, 
        "test_score": 0.8489909111151597, 
        "fit_time": 12, 
        "num_samples": 598, 
        "best_iteration": null, 
        "train_score": 0.8372124960581061, 
        "parameter_id": 1, 
        "time": 47, 
        "done_at": 1586432487865, 
        "grid_point_id": "{\"penalty\": \"l2\", \"C\": 0.1}@1"
    }, 
    {
        "parameters": {
            "penalty": "l2", 
            "C": 10.0
        }, 
        "score_time": 110, 
        "test_score": 0.7990675228007035, 
        "fit_time": 22, 
        "num_samples": 597, 
        "best_iteration": null, 
        "train_score": 0.87138924313273, 
        "parameter_id": 3, 
        "time": 132, 
        "done_at": 1586432487904, 
        "grid_point_id": "{\"penalty\": \"l2\", \"C\": 10.0}@2"
    }, 
    {
        "parameters": {
            "penalty": "l2", 
            "C": 0.01
        }, 
        "score_time": 38, 
        "test_score": 0.7942146920102833, 
        "fit_time": 8, 
        "num_samples": 598, 
        "best_iteration": null, 
        "train_score": 0.8478225486506006, 
        "parameter_id": 0, 
        "time": 46, 
        "done_at": 1586432487979, 
        "grid_point_id": "{\"penalty\": \"l2\", \"C\": 0.01}@0"
    }, 
    {
        "parameters": {
            "penalty": "l2", 
            "C": 100.0
        }, 
        "score_time": 108, 
        "test_score": 0.7811950431475195, 
        "fit_time": 57, 
        "num_samples": 597, 
        "best_iteration": null, 
        "train_score": 0.8719459120260723, 
        "parameter_id": 4, 
        "time": 165, 
        "done_at": 1586432487777, 
        "grid_point_id": "{\"penalty\": \"l2\", \"C\": 100.0}@2"
    }, 
    {
        "parameters": {
            "penalty": "l2", 
            "C": 10.0
        }, 
        "score_time": 16, 
        "test_score": 0.8166231452804599, 
        "fit_time": 24, 
        "num_samples": 598, 
        "best_iteration": null, 
        "train_score": 0.8586869169811705, 
        "parameter_id": 3, 
        "time": 40, 
        "done_at": 1586432487766, 
        "grid_point_id": "{\"penalty\": \"l2\", \"C\": 10.0}@1"
    }, 
    {
        "parameters": {
            "penalty": "l2", 
            "C": 0.1
        }, 
        "score_time": 26, 
        "test_score": 0.8309476095047237, 
        "fit_time": 10, 
        "num_samples": 597, 
        "best_iteration": null, 
        "train_score": 0.8465618104896662, 
        "parameter_id": 1, 
        "time": 36, 
        "done_at": 1586432487906, 
        "grid_point_id": "{\"penalty\": \"l2\", \"C\": 0.1}@2"
    }, 
    {
        "parameters": {
            "penalty": "l2", 
            "C": 1.0
        }, 
        "score_time": 46, 
        "test_score": 0.822052267800908, 
        "fit_time": 25, 
        "num_samples": 597, 
        "best_iteration": null, 
        "train_score": 0.8648762170806259, 
        "parameter_id": 2, 
        "time": 71, 
        "done_at": 1586432487990, 
        "grid_point_id": "{\"penalty\": \"l2\", \"C\": 1.0}@2"
    }, 
    {
        "parameters": {
            "penalty": "l2", 
            "C": 0.01
        }, 
        "score_time": 20, 
        "test_score": 0.8487884860630351, 
        "fit_time": 13, 
        "num_samples": 598, 
        "best_iteration": null, 
        "train_score": 0.822914865263522, 
        "parameter_id": 0, 
        "time": 33, 
        "done_at": 1586432488001, 
        "grid_point_id": "{\"penalty\": \"l2\", \"C\": 0.01}@1"
    }, 
    {
        "parameters": {
            "penalty": "l2", 
            "C": 10.0
        }, 
        "score_time": 17, 
        "test_score": 0.8025141191473857, 
        "fit_time": 27, 
        "num_samples": 598, 
        "best_iteration": null, 
        "train_score": 0.8676540899056998, 
        "parameter_id": 3, 
        "time": 44, 
        "done_at": 1586432487722, 
        "grid_point_id": "{\"penalty\": \"l2\", \"C\": 10.0}@0"
    }
]