{
    "gridSize": 5, 
    "nThreads": 4, 
    "metric": "ROC_AUC", 
    "gridPoints": [
        {
            "index": 0, 
            "finishedAt": 1586432488007.0, 
            "score": 0.8232577652391706, 
            "parameters": {
                "penalty": "l2", 
                "C": 0.01
            }, 
            "time": 102.0
        }, 
        {
            "index": 1, 
            "finishedAt": 1586432487928.0, 
            "score": 0.8253211276849184, 
            "parameters": {
                "penalty": "l2", 
                "C": 0.1
            }, 
            "time": 208.0
        }, 
        {
            "index": 2, 
            "finishedAt": 1586432487994.0, 
            "score": 0.8217374660515104, 
            "parameters": {
                "penalty": "l2", 
                "C": 1.0
            }, 
            "time": 197.0
        }, 
        {
            "index": 3, 
            "finishedAt": 1586432487904.0, 
            "score": 0.8060721668934031, 
            "parameters": {
                "penalty": "l2", 
                "C": 10.0
            }, 
            "time": 216.0
        }, 
        {
            "index": 4, 
            "finishedAt": 1586432487881.0, 
            "score": 0.7926137521626803, 
            "parameters": {
                "penalty": "l2", 
                "C": 100.0
            }, 
            "time": 663.0
        }
    ], 
    "startedAt": 1586432487566, 
    "nSplits": 3
}