{
    "usedGridSearch": true, 
    "probaAware": true, 
    "gridSize": 5, 
    "modelInputNRows": 1793, 
    "modelInputNCols": 82, 
    "modelInputMemory": 1176208, 
    "gridCells": [
        {
            "scoreTimeStd": 0.02910135544762286, 
            "scoreTime": 0.14766666666666664, 
            "fitTime": 0.07333333333333333, 
            "score": 0.7926206635576615, 
            "params": {
                "penalty": "l2", 
                "C": 100.0
            }, 
            "fitTimeStd": 0.019014614262602217, 
            "scoreStd": 0.008951504634880677
        }, 
        {
            "scoreTimeStd": 0.04407821331325589, 
            "scoreTime": 0.04766666666666667, 
            "fitTime": 0.024333333333333335, 
            "score": 0.8060721668934031, 
            "params": {
                "penalty": "l2", 
                "C": 10.0
            }, 
            "fitTimeStd": 0.002054804667656326, 
            "scoreStd": 0.007595224514474313
        }, 
        {
            "scoreTimeStd": 0.029691001255524468, 
            "scoreTime": 0.051333333333333335, 
            "fitTime": 0.018, 
            "score": 0.8253016230449066, 
            "params": {
                "penalty": "l2", 
                "C": 0.1
            }, 
            "fitTimeStd": 0.009933109617167559, 
            "scoreStd": 0.022013791825729937
        }, 
        {
            "scoreTimeStd": 0.005715476066494081, 
            "scoreTime": 0.043000000000000003, 
            "fitTime": 0.02266666666666667, 
            "score": 0.8217457052582487, 
            "params": {
                "penalty": "l2", 
                "C": 1.0
            }, 
            "fitTimeStd": 0.0016996731711975952, 
            "scoreStd": 0.012442625128588087
        }, 
        {
            "scoreTimeStd": 0.010530379332620876, 
            "scoreTime": 0.023666666666666666, 
            "fitTime": 0.010333333333333333, 
            "score": 0.8232577652391706, 
            "params": {
                "penalty": "l2", 
                "C": 0.01
            }, 
            "fitTimeStd": 0.002054804667656325, 
            "scoreStd": 0.022424064153261643
        }
    ], 
    "lmCoefficients": {
        "interceptStderr": null, 
        "interceptTstat": null, 
        "rescaledInterceptCoef": 40.46833161388032, 
        "rescaledCoefs": [
            0.00023713249046752882, 
            -1.3951303072740631e-05, 
            -6.365686992339821e-11, 
            0.0021503324818904174, 
            -0.004343536279613988, 
            -0.0020628984635187686, 
            -0.0015564430051380597, 
            -0.026741902296409326, 
            -0.026741902296409326, 
            -0.02617906098885052, 
            0.06111075311302293, 
            -3.1571075863552304e-05, 
            0.01702860523013859, 
            5.911600201036009e-06, 
            0.01715100589948176, 
            0.106590649973873, 
            -0.18119159052317776, 
            0.28021208833300393, 
            -0.06042427457161734, 
            -0.025304198689717877, 
            0.20537126113517026, 
            0.03222544755477087, 
            -0.3036721627375782, 
            0.06948542803961721, 
            0.009806023666716032, 
            -0.1043125796572201, 
            0.17732928703872275, 
            0.3487432543017571, 
            0.17917344951337663, 
            -0.3103464334358443, 
            0.02115538064015729, 
            0.38987841140548113, 
            -0.051950167556984096, 
            0.045490259703028134, 
            -0.3616903855761888, 
            -0.015188664691860875, 
            -0.023976951664422916, 
            -0.11117838657050227, 
            -0.15676956384168034, 
            -0.16789244190737168, 
            0.22987572831207825, 
            -0.1745627812144452, 
            -0.08531074326662416, 
            0.012845006400537151, 
            -0.2448832570576091, 
            -0.17184133980104233, 
            -0.07561984553241137, 
            0.015766702385845287, 
            0.26297381810488113, 
            -0.024800728442994798, 
            0.04807336881491527, 
            -0.015075009167374708, 
            -0.2657915469325113, 
            -0.05898641646449871, 
            -0.06611507987112238, 
            -0.07656885175355664, 
            -0.015149807299950007, 
            0.09691856508585649, 
            -0.009798192863935903, 
            0.032637124455664634, 
            -0.053059871991206355, 
            -0.2734841922621179, 
            -0.25523386281763666, 
            -0.17505969414471834, 
            0.003336953023801844, 
            -0.009780760299978035, 
            0.055389060531542134, 
            0.10858510341805515, 
            -0.23588502121101004, 
            -0.5783241853373265, 
            -0.09386695830128794, 
            0.14874776573062992, 
            -0.25349230692978053, 
            -0.0035946415000395206, 
            -0.09166859316652608, 
            -0.07575210372632757, 
            0.22020123770959227, 
            0.007571046516465201
        ], 
        "variables": [
            "Age", 
            "Amount_Requested", 
            "Date_Of_Birth_parsed", 
            "Date_Of_Birth_parsed_day", 
            "Date_Of_Birth_parsed_month", 
            "Date_Of_Birth_parsed_year", 
            "Debt_To_Income_Ratio", 
            "FICO", 
            "FICO_mean", 
            "Inquiries_in_the_Last_6_Months", 
            "Interest_Rate", 
            "Monthly_Income", 
            "Open_CREDIT_Lines", 
            "Revolving_CREDIT_Balance", 
            "nb_year_employment", 
            "dummy:Loan_Length:36 months", 
            "dummy:State:CA", 
            "dummy:State:NY", 
            "dummy:State:TX", 
            "dummy:State:FL", 
            "dummy:State:IL", 
            "dummy:State:PA", 
            "dummy:State:GA", 
            "dummy:State:NJ", 
            "dummy:State:VA", 
            "dummy:State:NC", 
            "dummy:State:MD", 
            "dummy:State:CO", 
            "dummy:State:OH", 
            "dummy:State:MA", 
            "dummy:State:WA", 
            "dummy:State:MI", 
            "dummy:State:AZ", 
            "dummy:State:CT", 
            "dummy:State:MN", 
            "dummy:State:AL", 
            "dummy:State:MO", 
            "dummy:State:SC", 
            "dummy:State:OR", 
            "dummy:State:NV", 
            "dummy:State:WI", 
            "dummy:State:KY", 
            "dummy:State:LA", 
            "dummy:State:KS", 
            "dummy:State:OK", 
            "dummy:State:UT", 
            "dummy:State:NH", 
            "dummy:State:NM", 
            "dummy:State:RI", 
            "dummy:State:DC", 
            "dummy:State:HI", 
            "dummy:State:AK", 
            "dummy:State:AR", 
            "dummy:State:WV", 
            "dummy:State:MT", 
            "dummy:State:DE", 
            "dummy:State:WY", 
            "dummy:State:VT", 
            "dummy:State:SD", 
            "dummy:State:IN", 
            "dummy:State:IA", 
            "dummy:Home_Ownership:RENT", 
            "dummy:Home_Ownership:MORTGAGE", 
            "dummy:Home_Ownership:OWNER", 
            "dummy:Home_Ownership:MORTGAE", 
            "dummy:Loan_Purpose:debt_consolidation", 
            "dummy:Loan_Purpose:credit_card", 
            "dummy:Loan_Purpose:other", 
            "dummy:Loan_Purpose:home_improvement", 
            "dummy:Loan_Purpose:major_purchase", 
            "dummy:Loan_Purpose:small_business", 
            "dummy:Loan_Purpose:car", 
            "dummy:Loan_Purpose:wedding", 
            "dummy:Loan_Purpose:moving", 
            "dummy:Loan_Purpose:medical", 
            "dummy:Loan_Purpose:vacation", 
            "dummy:Loan_Purpose:educational", 
            "dummy:Loan_Purpose:house"
        ], 
        "interceptCoef": -0.8027652055106814, 
        "interceptPvalue": null, 
        "coefs": [
            0.0013233064332325564, 
            -0.10868686237220768, 
            -0.011184570654902491, 
            0.019153992685689854, 
            -0.01510010114774087, 
            -0.011488862989147787, 
            -0.011603583602592064, 
            -0.9254706509405396, 
            -0.9254706509405396, 
            -0.03305733025477955, 
            0.2567780460757073, 
            -0.11114145685471732, 
            0.07556868678795517, 
            0.1085409970016334, 
            0.05954925402462705, 
            0.106590649973873, 
            -0.18119159052317776, 
            0.28021208833300393, 
            -0.06042427457161734, 
            -0.025304198689717877, 
            0.20537126113517026, 
            0.03222544755477087, 
            -0.3036721627375782, 
            0.06948542803961721, 
            0.009806023666716032, 
            -0.1043125796572201, 
            0.17732928703872275, 
            0.3487432543017571, 
            0.17917344951337663, 
            -0.3103464334358443, 
            0.02115538064015729, 
            0.38987841140548113, 
            -0.051950167556984096, 
            0.045490259703028134, 
            -0.3616903855761888, 
            -0.015188664691860875, 
            -0.023976951664422916, 
            -0.11117838657050227, 
            -0.15676956384168034, 
            -0.16789244190737168, 
            0.22987572831207825, 
            -0.1745627812144452, 
            -0.08531074326662416, 
            0.012845006400537151, 
            -0.2448832570576091, 
            -0.17184133980104233, 
            -0.07561984553241137, 
            0.015766702385845287, 
            0.26297381810488113, 
            -0.024800728442994798, 
            0.04807336881491527, 
            -0.015075009167374708, 
            -0.2657915469325113, 
            -0.05898641646449871, 
            -0.06611507987112238, 
            -0.07656885175355664, 
            -0.015149807299950007, 
            0.09691856508585649, 
            -0.009798192863935903, 
            0.032637124455664634, 
            -0.053059871991206355, 
            -0.2734841922621179, 
            -0.25523386281763666, 
            -0.17505969414471834, 
            0.003336953023801844, 
            -0.009780760299978035, 
            0.055389060531542134, 
            0.10858510341805515, 
            -0.23588502121101004, 
            -0.5783241853373265, 
            -0.09386695830128794, 
            0.14874776573062992, 
            -0.25349230692978053, 
            -0.0035946415000395206, 
            -0.09166859316652608, 
            -0.07575210372632757, 
            0.22020123770959227, 
            0.007571046516465201
        ]
    }, 
    "gridBestScore": 0.8253016230449066, 
    "modelInputIsSparse": false
}