{
  "state": "DONE",
  "preSearchDescription": {
    "gridLength": 5,
    "importantParams": [
      {
        "name": "penalty",
        "vals": [
          "l2"
        ]
      },
      {
        "name": "C",
        "vals": [
          "0.01",
          "0.1",
          "1.0",
          "10.0",
          "100.0"
        ]
      }
    ]
  },
  "postSearchDescription": {
    "importantParams": [
      {
        "name": "C",
        "val": "0.1"
      },
      {
        "name": "penalty",
        "val": "l2"
      }
    ]
  },
  "timeOrderingEnabled": false,
  "sampleWeightsEnabled": false,
  "modelId": "m1",
  "progress": {
    "top_level_todo": [],
    "stack": [],
    "top_level_done": [
      {
        "name": "Loading train set",
        "time": 77
      },
      {
        "name": "Loading test set",
        "time": 28
      },
      {
        "name": "Collecting statistics",
        "time": 65
      },
      {
        "name": "Preprocessing train set",
        "time": 116
      },
      {
        "name": "Preprocessing test set",
        "time": 51
      },
      {
        "name": "Grid searching",
        "time": 1026
      },
      {
        "name": "Fitting model",
        "time": 11
      },
      {
        "name": "Saving model",
        "time": 3
      },
      {
        "name": "Scoring model",
        "time": 1948
      }
    ]
  },
  "startTime": 1586432487219,
  "endTime": 1586432490548,
  "preprocessingTime": 340,
  "trainingTime": 2989
}