{
  "trainedWithDSSVersion": "7.0.1",
  "backend": "PY_MEMORY",
  "isValid": true,
  "type": "BINARY_PROBABILISTIC",
  "algorithm_name": "FOREST_CLASSIFIER",
  "columns": [
    "Age",
    "Family_count",
    "Fare",
    "Parch",
    "Pclass",
    "SibSp",
    "dummy:isAlone:true",
    "dummy:isAlone:false",
    "dummy:isAlone:N/A",
    "dummy:isAlone:__Others__",
    "dummy:Embarked:S",
    "dummy:Embarked:C",
    "dummy:Embarked:Q",
    "dummy:Embarked:N/A",
    "dummy:Embarked:__Others__",
    "dummy:Title:Mr",
    "dummy:Title:Miss",
    "dummy:Title:Mrs",
    "dummy:Title:Master",
    "dummy:Title:Rev",
    "dummy:Title:Dr",
    "dummy:Title:Mlle",
    "dummy:Title:Col",
    "dummy:Title:Major",
    "dummy:Title:Lady",
    "dummy:Title:Jonkheer",
    "dummy:Title:Don",
    "dummy:Title:Ms",
    "dummy:Title:Mme",
    "dummy:Title:Capt",
    "dummy:Title:the Countess",
    "dummy:Title:Sir",
    "dummy:Title:N/A",
    "dummy:Title:__Others__",
    "dummy:Sex:male",
    "dummy:Sex:female",
    "dummy:Sex:N/A",
    "dummy:Sex:__Others__",
    "dummy:Ticket:347082",
    "dummy:Ticket:CA. 2343",
    "dummy:Ticket:1601",
    "dummy:Ticket:3101295",
    "dummy:Ticket:347077",
    "dummy:Ticket:113781",
    "dummy:Ticket:PC 17757",
    "dummy:Ticket:347088",
    "dummy:Ticket:S.O.C. 14879",
    "dummy:Ticket:CA 2144",
    "dummy:Ticket:382652",
    "dummy:Ticket:19950",
    "dummy:Ticket:C.A. 31921",
    "dummy:Ticket:17421",
    "dummy:Ticket:4133",
    "dummy:Ticket:349909",
    "dummy:Ticket:110413",
    "dummy:Ticket:2666",
    "dummy:Ticket:PC 17760",
    "dummy:Ticket:239853",
    "dummy:Ticket:PC 17582",
    "dummy:Ticket:113760",
    "dummy:Ticket:W./C. 6608",
    "dummy:Ticket:SC/Paris 2123",
    "dummy:Ticket:LINE",
    "dummy:Ticket:24160",
    "dummy:Ticket:230080",
    "dummy:Ticket:29106",
    "dummy:Ticket:113776",
    "dummy:Ticket:S.C./PARIS 2079",
    "dummy:Ticket:347742",
    "dummy:Ticket:PC 17569",
    "dummy:Ticket:A/4 48871",
    "dummy:Ticket:35281",
    "dummy:Ticket:111361",
    "dummy:Ticket:C.A. 2673",
    "dummy:Ticket:PC 17477",
    "dummy:Ticket:2668",
    "dummy:Ticket:A/5. 3336",
    "dummy:Ticket:2665",
    "dummy:Ticket:113806",
    "dummy:Ticket:110152",
    "dummy:Ticket:36947",
    "dummy:Ticket:WE/P 5735",
    "dummy:Ticket:19877",
    "dummy:Ticket:347054",
    "dummy:Ticket:12749",
    "dummy:Ticket:PC 17604",
    "dummy:Ticket:28403",
    "dummy:Ticket:367226",
    "dummy:Ticket:376564",
    "dummy:Ticket:19943",
    "dummy:Ticket:PP 9549",
    "dummy:Ticket:364849",
    "dummy:Ticket:PC 17558",
    "dummy:Ticket:239865",
    "dummy:Ticket:2659",
    "dummy:Ticket:13507",
    "dummy:Ticket:S.O./P.P. 3",
    "dummy:Ticket:230433",
    "dummy:Ticket:16966",
    "dummy:Ticket:345773",
    "dummy:Ticket:110465",
    "dummy:Ticket:248738",
    "dummy:Ticket:250655",
    "dummy:Ticket:2653",
    "dummy:Ticket:113798",
    "dummy:Ticket:36973",
    "dummy:Ticket:230136",
    "dummy:Ticket:F.C.C. 13529",
    "dummy:Ticket:36928",
    "dummy:Ticket:349237",
    "dummy:Ticket:54636",
    "dummy:Ticket:C.A. 34651",
    "dummy:Ticket:248727",
    "dummy:Ticket:358585",
    "dummy:Ticket:231919",
    "dummy:Ticket:2661",
    "dummy:Ticket:PC 17608",
    "dummy:Ticket:PC 17761",
    "dummy:Ticket:13502",
    "dummy:Ticket:17474",
    "dummy:Ticket:345764",
    "dummy:Ticket:250644",
    "dummy:Ticket:11668",
    "dummy:Ticket:371110",
    "dummy:Ticket:19928",
    "dummy:Ticket:370129",
    "dummy:Ticket:PC 17758",
    "dummy:Ticket:W./C. 6607",
    "dummy:Ticket:C.A. 33112",
    "dummy:Ticket:113505",
    "dummy:Ticket:29750",
    "dummy:Ticket:19996",
    "dummy:Ticket:P/PP 3381",
    "dummy:Ticket:250649",
    "dummy:Ticket:3101277",
    "dummy:Ticket:PC 17473",
    "dummy:Ticket:C.A. 6212",
    "dummy:Ticket:113051",
    "dummy:Ticket:347073",
    "dummy:Ticket:N/A",
    "dummy:Ticket:__Others__",
    "dummy:Cabin:C",
    "dummy:Cabin:B",
    "dummy:Cabin:E",
    "dummy:Cabin:D",
    "dummy:Cabin:A",
    "dummy:Cabin:F",
    "dummy:Cabin:G",
    "dummy:Cabin:N/A",
    "dummy:Cabin:__Others__"
  ],
  "classes": [
    "0",
    "1"
  ]
}