{
    "details": {
        "isAlone": {
            "levels": [
                "true", 
                "false"
            ], 
            "with_others": true
        }, 
        "Title": {
            "levels": [
                "Mr", 
                "Miss", 
                "Mrs", 
                "Master", 
                "Rev", 
                "Dr", 
                "Mlle", 
                "Col", 
                "Major", 
                "Lady", 
                "Jonkheer", 
                "Don", 
                "Ms", 
                "Mme", 
                "Capt", 
                "the Countess", 
                "Sir"
            ], 
            "with_others": true
        }, 
        "Embarked": {
            "levels": [
                "S", 
                "C", 
                "Q"
            ], 
            "with_others": true
        }, 
        "Sex": {
            "levels": [
                "male", 
                "female"
            ], 
            "with_others": true
        }, 
        "Ticket": {
            "levels": [
                "347082", 
                "CA. 2343", 
                "1601", 
                "3101295", 
                "347077", 
                "113781", 
                "PC 17757", 
                "347088", 
                "S.O.C. 14879", 
                "CA 2144", 
                "382652", 
                "19950", 
                "C.A. 31921", 
                "17421", 
                "4133", 
                "349909", 
                "110413", 
                "2666", 
                "PC 17760", 
                "239853", 
                "PC 17582", 
                "113760", 
                "W./C. 6608", 
                "SC/Paris 2123", 
                "LINE", 
                "24160", 
                "230080", 
                "29106", 
                "113776", 
                "S.C./PARIS 2079", 
                "347742", 
                "PC 17569", 
                "A/4 48871", 
                "35281", 
                "111361", 
                "C.A. 2673", 
                "PC 17477", 
                "2668", 
                "A/5. 3336", 
                "2665", 
                "113806", 
                "110152", 
                "36947", 
                "WE/P 5735", 
                "19877", 
                "347054", 
                "12749", 
                "PC 17604", 
                "28403", 
                "367226", 
                "376564", 
                "19943", 
                "PP 9549", 
                "364849", 
                "PC 17558", 
                "239865", 
                "2659", 
                "13507", 
                "S.O./P.P. 3", 
                "230433", 
                "16966", 
                "345773", 
                "110465", 
                "248738", 
                "250655", 
                "2653", 
                "113798", 
                "36973", 
                "230136", 
                "F.C.C. 13529", 
                "36928", 
                "349237", 
                "54636", 
                "C.A. 34651", 
                "248727", 
                "358585", 
                "231919", 
                "2661", 
                "PC 17608", 
                "PC 17761", 
                "13502", 
                "17474", 
                "345764", 
                "250644", 
                "11668", 
                "371110", 
                "19928", 
                "370129", 
                "PC 17758", 
                "W./C. 6607", 
                "C.A. 33112", 
                "113505", 
                "29750", 
                "19996", 
                "P/PP 3381", 
                "250649", 
                "3101277", 
                "PC 17473", 
                "C.A. 6212", 
                "113051", 
                "347073"
            ], 
            "with_others": true
        }, 
        "Cabin": {
            "levels": [
                "C", 
                "B", 
                "E", 
                "D", 
                "A", 
                "F", 
                "G"
            ], 
            "with_others": true
        }
    }
}