[
    {
        "parameters": {
            "max_features": "auto", 
            "n_estimators": 100, 
            "min_samples_split": 3, 
            "max_depth": 6, 
            "min_samples_leaf": 1
        }, 
        "score_time": 234, 
        "test_score": 0.8727293115048217, 
        "fit_time": 1588, 
        "num_samples": 238, 
        "best_iteration": null, 
        "train_score": 0.9062281975373824, 
        "parameter_id": 0, 
        "time": 1822, 
        "done_at": 1586528226217, 
        "grid_point_id": "{\"max_features\": \"auto\", \"n_estimators\": 100, \"min_samples_split\": 3, \"max_depth\": 6, \"min_samples_leaf\": 1}@0"
    }, 
    {
        "parameters": {
            "max_features": "auto", 
            "n_estimators": 100, 
            "min_samples_split": 3, 
            "max_depth": 6, 
            "min_samples_leaf": 1
        }, 
        "score_time": 457, 
        "test_score": 0.8511624429991776, 
        "fit_time": 1686, 
        "num_samples": 238, 
        "best_iteration": null, 
        "train_score": 0.9168442290649218, 
        "parameter_id": 0, 
        "time": 2143, 
        "done_at": 1586528226571, 
        "grid_point_id": "{\"max_features\": \"auto\", \"n_estimators\": 100, \"min_samples_split\": 3, \"max_depth\": 6, \"min_samples_leaf\": 1}@1"
    }, 
    {
        "parameters": {
            "max_features": "auto", 
            "n_estimators": 100, 
            "min_samples_split": 3, 
            "max_depth": 13, 
            "min_samples_leaf": 1
        }, 
        "score_time": 294, 
        "test_score": 0.8682267884322679, 
        "fit_time": 515, 
        "num_samples": 236, 
        "best_iteration": null, 
        "train_score": 0.978975106526127, 
        "parameter_id": 1, 
        "time": 809, 
        "done_at": 1586528227390, 
        "grid_point_id": "{\"max_features\": \"auto\", \"n_estimators\": 100, \"min_samples_split\": 3, \"max_depth\": 13, \"min_samples_leaf\": 1}@2"
    }, 
    {
        "parameters": {
            "max_features": "auto", 
            "n_estimators": 100, 
            "min_samples_split": 3, 
            "max_depth": 13, 
            "min_samples_leaf": 1
        }, 
        "score_time": 487, 
        "test_score": 0.8760559168722434, 
        "fit_time": 1430, 
        "num_samples": 238, 
        "best_iteration": null, 
        "train_score": 0.9825203175381366, 
        "parameter_id": 1, 
        "time": 1917, 
        "done_at": 1586528226630, 
        "grid_point_id": "{\"max_features\": \"auto\", \"n_estimators\": 100, \"min_samples_split\": 3, \"max_depth\": 13, \"min_samples_leaf\": 1}@0"
    }, 
    {
        "parameters": {
            "max_features": "auto", 
            "n_estimators": 100, 
            "min_samples_split": 3, 
            "max_depth": 6, 
            "min_samples_leaf": 1
        }, 
        "score_time": 500, 
        "test_score": 0.8659817351598175, 
        "fit_time": 1671, 
        "num_samples": 236, 
        "best_iteration": null, 
        "train_score": 0.9105273977722956, 
        "parameter_id": 0, 
        "time": 2171, 
        "done_at": 1586528226635, 
        "grid_point_id": "{\"max_features\": \"auto\", \"n_estimators\": 100, \"min_samples_split\": 3, \"max_depth\": 6, \"min_samples_leaf\": 1}@2"
    }, 
    {
        "parameters": {
            "max_features": "auto", 
            "n_estimators": 100, 
            "min_samples_split": 3, 
            "max_depth": 13, 
            "min_samples_leaf": 1
        }, 
        "score_time": 260, 
        "test_score": 0.8318756073858115, 
        "fit_time": 666, 
        "num_samples": 238, 
        "best_iteration": null, 
        "train_score": 0.9825957422736787, 
        "parameter_id": 1, 
        "time": 926, 
        "done_at": 1586528227153, 
        "grid_point_id": "{\"max_features\": \"auto\", \"n_estimators\": 100, \"min_samples_split\": 3, \"max_depth\": 13, \"min_samples_leaf\": 1}@1"
    }
]