{
    "gridSize": 2, 
    "nThreads": 4, 
    "metric": "ROC_AUC", 
    "gridPoints": [
        {
            "index": 0, 
            "finishedAt": 1586528226635.0, 
            "score": 0.863283605434928, 
            "parameters": {
                "max_features": "auto", 
                "n_estimators": 100, 
                "min_samples_split": 3, 
                "max_depth": 6, 
                "min_samples_leaf": 1
            }, 
            "time": 6136.0
        }, 
        {
            "index": 1, 
            "finishedAt": 1586528227390.0, 
            "score": 0.8587948415807938, 
            "parameters": {
                "max_features": "auto", 
                "n_estimators": 100, 
                "min_samples_split": 3, 
                "max_depth": 13, 
                "min_samples_leaf": 1
            }, 
            "time": 3652.0
        }
    ], 
    "startedAt": 1586528224388, 
    "nSplits": 3
}