{
    "usedGridSearch": true, 
    "probaAware": true, 
    "gridSize": 2, 
    "rawImportance": {
        "variables": [
            "Age", 
            "Family_count", 
            "Fare", 
            "Parch", 
            "Pclass", 
            "SibSp", 
            "dummy:isAlone:true", 
            "dummy:isAlone:false", 
            "dummy:Embarked:S", 
            "dummy:Embarked:C", 
            "dummy:Embarked:Q", 
            "dummy:Title:Mr", 
            "dummy:Title:Miss", 
            "dummy:Title:Mrs", 
            "dummy:Title:Master", 
            "dummy:Title:Rev", 
            "dummy:Title:Dr", 
            "dummy:Title:Mlle", 
            "dummy:Title:Col", 
            "dummy:Title:Major", 
            "dummy:Title:Lady", 
            "dummy:Title:Jonkheer", 
            "dummy:Title:Don", 
            "dummy:Title:Ms", 
            "dummy:Title:Mme", 
            "dummy:Title:Capt", 
            "dummy:Title:the Countess", 
            "dummy:Title:Sir", 
            "dummy:Sex:male", 
            "dummy:Sex:female", 
            "dummy:Ticket:347082", 
            "dummy:Ticket:CA. 2343", 
            "dummy:Ticket:1601", 
            "dummy:Ticket:3101295", 
            "dummy:Ticket:347077", 
            "dummy:Ticket:113781", 
            "dummy:Ticket:PC 17757", 
            "dummy:Ticket:347088", 
            "dummy:Ticket:S.O.C. 14879", 
            "dummy:Ticket:CA 2144", 
            "dummy:Ticket:382652", 
            "dummy:Ticket:19950", 
            "dummy:Ticket:C.A. 31921", 
            "dummy:Ticket:17421", 
            "dummy:Ticket:4133", 
            "dummy:Ticket:349909", 
            "dummy:Ticket:110413", 
            "dummy:Ticket:2666", 
            "dummy:Ticket:PC 17760", 
            "dummy:Ticket:239853", 
            "dummy:Ticket:PC 17582", 
            "dummy:Ticket:113760", 
            "dummy:Ticket:W./C. 6608", 
            "dummy:Ticket:SC/Paris 2123", 
            "dummy:Ticket:LINE", 
            "dummy:Ticket:24160", 
            "dummy:Ticket:230080", 
            "dummy:Ticket:29106", 
            "dummy:Ticket:113776", 
            "dummy:Ticket:S.C./PARIS 2079", 
            "dummy:Ticket:347742", 
            "dummy:Ticket:PC 17569", 
            "dummy:Ticket:A/4 48871", 
            "dummy:Ticket:35281", 
            "dummy:Ticket:111361", 
            "dummy:Ticket:C.A. 2673", 
            "dummy:Ticket:PC 17477", 
            "dummy:Ticket:2668", 
            "dummy:Ticket:A/5. 3336", 
            "dummy:Ticket:2665", 
            "dummy:Ticket:113806", 
            "dummy:Ticket:110152", 
            "dummy:Ticket:36947", 
            "dummy:Ticket:WE/P 5735", 
            "dummy:Ticket:19877", 
            "dummy:Ticket:347054", 
            "dummy:Ticket:12749", 
            "dummy:Ticket:PC 17604", 
            "dummy:Ticket:28403", 
            "dummy:Ticket:367226", 
            "dummy:Ticket:376564", 
            "dummy:Ticket:19943", 
            "dummy:Ticket:PP 9549", 
            "dummy:Ticket:364849", 
            "dummy:Ticket:PC 17558", 
            "dummy:Ticket:239865", 
            "dummy:Ticket:2659", 
            "dummy:Ticket:13507", 
            "dummy:Ticket:S.O./P.P. 3", 
            "dummy:Ticket:230433", 
            "dummy:Ticket:16966", 
            "dummy:Ticket:345773", 
            "dummy:Ticket:110465", 
            "dummy:Ticket:248738", 
            "dummy:Ticket:250655", 
            "dummy:Ticket:2653", 
            "dummy:Ticket:113798", 
            "dummy:Ticket:36973", 
            "dummy:Ticket:230136", 
            "dummy:Ticket:F.C.C. 13529", 
            "dummy:Ticket:36928", 
            "dummy:Ticket:349237", 
            "dummy:Ticket:54636", 
            "dummy:Ticket:C.A. 34651", 
            "dummy:Ticket:248727", 
            "dummy:Ticket:358585", 
            "dummy:Ticket:231919", 
            "dummy:Ticket:2661", 
            "dummy:Ticket:PC 17608", 
            "dummy:Ticket:PC 17761", 
            "dummy:Ticket:13502", 
            "dummy:Ticket:17474", 
            "dummy:Ticket:345764", 
            "dummy:Ticket:250644", 
            "dummy:Ticket:11668", 
            "dummy:Ticket:371110", 
            "dummy:Ticket:19928", 
            "dummy:Ticket:370129", 
            "dummy:Ticket:PC 17758", 
            "dummy:Ticket:W./C. 6607", 
            "dummy:Ticket:C.A. 33112", 
            "dummy:Ticket:113505", 
            "dummy:Ticket:19996", 
            "dummy:Ticket:P/PP 3381", 
            "dummy:Ticket:250649", 
            "dummy:Ticket:3101277", 
            "dummy:Ticket:PC 17473", 
            "dummy:Ticket:C.A. 6212", 
            "dummy:Ticket:113051", 
            "dummy:Ticket:347073", 
            "dummy:Ticket:__Others__", 
            "dummy:Cabin:C", 
            "dummy:Cabin:B", 
            "dummy:Cabin:E", 
            "dummy:Cabin:D", 
            "dummy:Cabin:A", 
            "dummy:Cabin:F", 
            "dummy:Cabin:G", 
            "dummy:Cabin:N/A"
        ], 
        "importances": [
            0.03966403151191051, 
            0.04098526876677752, 
            0.061200148651507816, 
            0.010477841070394829, 
            0.06347108791518882, 
            0.019192833781764458, 
            0.016002087302716, 
            0.00988853587697399, 
            0.014318465676995044, 
            0.012950346447351569, 
            0.007422716885235938, 
            0.12752079938543237, 
            0.061552521384673785, 
            0.05744595308208591, 
            0.012862727674640112, 
            0.0034938984521035725, 
            0.0009822354394946927, 
            0.0004541283805805281, 
            0.0003468759673994781, 
            0.0003770880221118649, 
            0.00025596094053080136, 
            0.0003317769865986682, 
            0.00026926242150975346, 
            0.0003853643058923906, 
            4.441845441130512e-05, 
            0.00023479158349964144, 
            0.00013143194509347816, 
            0.0006948433509213218, 
            0.11102230348862874, 
            0.16121751850436322, 
            0.008109953075477454, 
            0.0026583011115425747, 
            0.0029068807131958376, 
            0.001898788039846815, 
            0.0018334558878359707, 
            0.00155525066796186, 
            7.784918801338324e-05, 
            0.002414539886152043, 
            0.0006694571973670549, 
            0.0025559648127731066, 
            0.0027733334809310925, 
            0.0006984816807199631, 
            7.196569326675622e-05, 
            0.0004565538607644981, 
            0.0014992040448185968, 
            0.0005732477975010234, 
            0.0001713264469701667, 
            0.0010191009203429384, 
            0.00022840680820479883, 
            0.00022904801977937056, 
            0.00027741718693431304, 
            0.0007567971788153818, 
            0.0025492414229127017, 
            5.645659047801009e-05, 
            0.0005445639245212443, 
            9.004827661008953e-05, 
            0.00023641572563043862, 
            0.0014204718659202313, 
            0.00023124508474733416, 
            0.00020031033981577617, 
            0.00029843213002859787, 
            6.774602701255716e-07, 
            0.00015507944454757166, 
            0.0003588916591000754, 
            0.0006331973301044864, 
            2.0262187282636553e-05, 
            0.0005220806883604021, 
            0.00042715882514053085, 
            0.0003753408309264747, 
            0.0018329819347516305, 
            0.0013679681330244543, 
            0.00035509631773224075, 
            7.06541192033855e-05, 
            0.00010716456172400186, 
            0.0003916657220705092, 
            0.0031993088724669794, 
            0.00022212538486190205, 
            0.00025103929930763347, 
            0.0002341833070482032, 
            0.0015057295471659652, 
            0.00020912003680349371, 
            0.0008725522847710458, 
            0.0004953770262324841, 
            0.0009912036649568814, 
            0.0003508968905604292, 
            8.718112351041625e-05, 
            0.00035285410426840684, 
            0.00010920931199517513, 
            0.0008004368742668423, 
            0.00031269886463316246, 
            4.205021847357964e-05, 
            0.0002017041055367135, 
            0.00031272433161022947, 
            0.0004698729434305182, 
            0.0003721745040018057, 
            0.0014768616207674274, 
            7.26276618405044e-05, 
            0.00024271622691429492, 
            0.00025538315301507135, 
            0.0009525483634922121, 
            8.949869483798237e-06, 
            0.0007584809926720806, 
            2.1169456168086103e-05, 
            0.00018185204339834487, 
            5.396306072998901e-05, 
            7.794421145914793e-05, 
            0.00023309924551452395, 
            0.0013451539210081772, 
            8.77147710746064e-05, 
            0.0007591925748185875, 
            0.0002465082754253278, 
            0.0003073493893779442, 
            0.0008008854289301622, 
            0.0003054840521358431, 
            0.0013968765390303505, 
            6.365865883023389e-05, 
            3.6348017141471095e-05, 
            0.0005245104774377507, 
            0.00011025421557100673, 
            0.0010150665004393146, 
            0.00012641237516341488, 
            0.00042529871995805634, 
            0.0014884801092675207, 
            9.222775941395404e-05, 
            0.0004578966494408591, 
            1.4655705093062844e-05, 
            0.001384748840111706, 
            4.9493239237784086e-05, 
            0.0007012020942616524, 
            0.0002840248957339069, 
            0.010403632145998706, 
            0.002720522107566764, 
            0.005983535806350995, 
            0.0107165782733479, 
            0.0036161650993487776, 
            0.001158765576831199, 
            0.0018385775566712808, 
            0.0007420529321443888, 
            0.05419069676057373
        ]
    }, 
    "modelInputNRows": 712, 
    "modelInputNCols": 150, 
    "modelInputMemory": 854400, 
    "gridCells": [
        {
            "scoreTimeStd": 0.11658759225006178, 
            "scoreTime": 0.397, 
            "fitTime": 1.6483333333333334, 
            "score": 0.863283605434928, 
            "params": {
                "max_features": "auto", 
                "n_estimators": 100, 
                "min_samples_split": 3, 
                "max_depth": 6, 
                "min_samples_leaf": 1
            }, 
            "fitTimeStd": 0.04309936838928793, 
            "scoreStd": 0.009019354620435219
        }, 
        {
            "scoreTimeStd": 0.09996332660864515, 
            "scoreTime": 0.347, 
            "fitTime": 0.8703333333333334, 
            "score": 0.8586927315216745, 
            "params": {
                "max_features": "auto", 
                "n_estimators": 100, 
                "min_samples_split": 3, 
                "max_depth": 13, 
                "min_samples_leaf": 1
            }, 
            "fitTimeStd": 0.40051661083599954, 
            "scoreStd": 0.01926908483381967
        }
    ], 
    "gridBestScore": 0.863283605434928, 
    "modelInputIsSparse": false
}