{
  "state": "DONE",
  "preSearchDescription": {
    "gridLength": 2,
    "importantParams": [
      {
        "name": "trees",
        "vals": [
          "100"
        ]
      },
      {
        "name": "depth",
        "vals": [
          "6",
          "13"
        ]
      },
      {
        "name": "min_samples",
        "vals": [
          "1"
        ]
      }
    ]
  },
  "postSearchDescription": {
    "importantParams": [
      {
        "name": "trees",
        "val": "100"
      },
      {
        "name": "depth",
        "val": "6"
      },
      {
        "name": "min_samples",
        "val": "1"
      }
    ]
  },
  "timeOrderingEnabled": false,
  "sampleWeightsEnabled": false,
  "modelId": "m1",
  "progress": {
    "top_level_todo": [],
    "stack": [],
    "top_level_done": [
      {
        "name": "Loading train set",
        "time": 8
      },
      {
        "name": "Loading test set",
        "time": 5
      },
      {
        "name": "Collecting statistics",
        "time": 16
      },
      {
        "name": "Preprocessing train set",
        "time": 31
      },
      {
        "name": "Preprocessing test set",
        "time": 26
      },
      {
        "name": "Grid searching",
        "time": 4049
      },
      {
        "name": "Fitting model",
        "time": 269
      },
      {
        "name": "Saving model",
        "time": 26
      },
      {
        "name": "Scoring model",
        "time": 979
      }
    ]
  },
  "startTime": 1586528224295,
  "endTime": 1586528229707,
  "preprocessingTime": 89,
  "trainingTime": 5323
}