{
    "per_feature": {
        "Open_CREDIT_Lines": {
            "stats": {
                "std": 4.437749643418102, 
                "p99": 22.079999999999927, 
                "min": 2.0, 
                "max": 34.0, 
                "average": 10.047406581148913, 
                "median": 9.0
            }, 
            "missing_impute_with_value": 10.047406581148913
        }, 
        "Loan_Length": {
            "stats": {
                "mostFrequentValue": "36 months", 
                "leastFrequentValue": "60 months"
            }, 
            "category_possible_counts": [
                1393, 
                400
            ], 
            "category_possible_values": [
                "36 months", 
                "60 months"
            ]
        }, 
        "State": {
            "stats": {
                "mostFrequentValue": "CA", 
                "leastFrequentValue": "MS"
            }, 
            "category_possible_counts": [
                298, 
                183, 
                130, 
                123, 
                73, 
                73, 
                72, 
                68, 
                60, 
                54, 
                49, 
                49, 
                48, 
                46, 
                43, 
                35, 
                32, 
                29, 
                26, 
                25, 
                24, 
                22, 
                21, 
                20, 
                20, 
                18, 
                16, 
                14, 
                14, 
                13, 
                11, 
                10, 
                9, 
                9, 
                9, 
                9, 
                9, 
                6, 
                5, 
                5, 
                4, 
                3, 
                2, 
                2, 
                1, 
                1
            ], 
            "category_possible_values": [
                "CA", 
                "NY", 
                "TX", 
                "FL", 
                "IL", 
                "PA", 
                "GA", 
                "NJ", 
                "VA", 
                "NC", 
                "MD", 
                "CO", 
                "OH", 
                "MA", 
                "WA", 
                "MI", 
                "AZ", 
                "CT", 
                "MN", 
                "AL", 
                "MO", 
                "SC", 
                "OR", 
                "NV", 
                "WI", 
                "KY", 
                "LA", 
                "KS", 
                "OK", 
                "UT", 
                "NH", 
                "NM", 
                "RI", 
                "DC", 
                "HI", 
                "AK", 
                "AR", 
                "WV", 
                "MT", 
                "DE", 
                "WY", 
                "VT", 
                "SD", 
                "IN", 
                "IA", 
                "MS"
            ]
        }, 
        "Inquiries_in_the_Last_6_Months": {
            "stats": {
                "std": 1.2627393422880384, 
                "p99": 6.0, 
                "min": 0.0, 
                "max": 9.0, 
                "average": 0.9096486335750139, 
                "median": 0.0
            }, 
            "missing_impute_with_value": 0.9096486335750139
        }, 
        "id": {
            "stats": {}
        }, 
        "Status": {
            "stats": {}
        }, 
        "Monthly_Income": {
            "stats": {
                "std": 3520.3569664544193, 
                "p99": 18504.359999999982, 
                "min": 588.5, 
                "max": 65000.0, 
                "average": 5576.699631901838, 
                "median": 4916.67
            }, 
            "missing_impute_with_value": 5576.699631901838
        }, 
        "Interest_Rate": {
            "stats": {
                "std": 4.201847187201281, 
                "p99": 23.28, 
                "min": 5.42, 
                "max": 24.89, 
                "average": 13.122208588957148, 
                "median": 13.11
            }, 
            "missing_impute_with_value": 13.122208588957148
        }, 
        "FICO_mean": {
            "stats": {
                "std": 34.60750999246616, 
                "p99": 802.3999999999996, 
                "min": 642.0, 
                "max": 832.0, 
                "average": 707.3792526491912, 
                "median": 702.0
            }, 
            "missing_impute_with_value": 707.3792526491912
        }, 
        "Date_Of_Birth_parsed_year": {
            "stats": {
                "std": 5.56928185866733, 
                "p99": 1997.0, 
                "min": 1971.0, 
                "max": 1998.0, 
                "average": 1985.4333519241495, 
                "median": 1985.0
            }, 
            "missing_impute_with_value": 1985.4333519241495
        }, 
        "Home_Ownership": {
            "stats": {
                "mostFrequentValue": "RENT", 
                "leastFrequentValue": "OTHER"
            }, 
            "category_possible_counts": [
                822, 
                790, 
                145, 
                34, 
                2
            ], 
            "category_possible_values": [
                "RENT", 
                "MORTGAGE", 
                "OWNER", 
                "MORTGAE", 
                "OTHER"
            ]
        }, 
        "FICO": {
            "stats": {
                "std": 34.60750999246616, 
                "p99": 802.3999999999996, 
                "min": 642.0, 
                "max": 832.0, 
                "average": 707.3792526491912, 
                "median": 702.0
            }, 
            "missing_impute_with_value": 707.3792526491912
        }, 
        "Date_Of_Birth_parsed": {
            "stats": {
                "std": 175700920.70756066, 
                "p99": 3064124160.0, 
                "min": 2266185600.0, 
                "max": 3095280000.0, 
                "average": 2711675757.724484, 
                "median": 2711491200.0
            }, 
            "missing_impute_with_value": 2711675757.724484
        }, 
        "Default": {
            "stats": {}
        }, 
        "Date_Of_Birth_parsed_day": {
            "stats": {
                "std": 8.907456333846124, 
                "p99": 31.0, 
                "min": 1.0, 
                "max": 31.0, 
                "average": 16.093697713329615, 
                "median": 16.0
            }, 
            "missing_impute_with_value": 16.093697713329615
        }, 
        "Age": {
            "stats": {
                "std": 5.580451799850515, 
                "p99": 45.0, 
                "min": 22.0, 
                "max": 48.0, 
                "average": 33.75738984941439, 
                "median": 34.0
            }, 
            "missing_impute_with_value": 33.75738984941439
        }, 
        "Loan_Purpose": {
            "stats": {
                "mostFrequentValue": "debt_consolidation", 
                "leastFrequentValue": "renewable_energy"
            }, 
            "category_possible_counts": [
                928, 
                322, 
                140, 
                111, 
                78, 
                61, 
                40, 
                31, 
                22, 
                20, 
                14, 
                13, 
                12, 
                1
            ], 
            "category_possible_values": [
                "debt_consolidation", 
                "credit_card", 
                "other", 
                "home_improvement", 
                "major_purchase", 
                "small_business", 
                "car", 
                "wedding", 
                "moving", 
                "medical", 
                "vacation", 
                "educational", 
                "house", 
                "renewable_energy"
            ]
        }, 
        "nb_year_employment": {
            "stats": {
                "std": 3.472056063278855, 
                "p99": 14.0, 
                "min": 4.0, 
                "max": 14.0, 
                "average": 8.694925028835064, 
                "median": 8.0
            }, 
            "missing_impute_with_value": 8.694925028835064
        }, 
        "Debt_To_Income_Ratio": {
            "stats": {
                "std": 7.455193389212991, 
                "p99": 33.2816, 
                "min": 0.0, 
                "max": 34.91, 
                "average": 15.458360290016746, 
                "median": 15.35
            }, 
            "missing_impute_with_value": 15.458360290016746
        }, 
        "Amount_Requested": {
            "stats": {
                "std": 7790.44522260937, 
                "p99": 35000.0, 
                "min": 1000.0, 
                "max": 35000.0, 
                "average": 12379.810373675404, 
                "median": 10000.0
            }, 
            "missing_impute_with_value": 12379.810373675404
        }, 
        "Date_Of_Birth_parsed_month": {
            "stats": {
                "std": 3.4764533264317117, 
                "p99": 12.0, 
                "min": 1.0, 
                "max": 12.0, 
                "average": 6.481316229782488, 
                "median": 7.0
            }, 
            "missing_impute_with_value": 6.481316229782488
        }, 
        "id_1": {
            "stats": {}
        }, 
        "Revolving_CREDIT_Balance": {
            "stats": {
                "std": 18360.67956398871, 
                "p99": 82889.91999999972, 
                "min": 0.0, 
                "max": 270800.0, 
                "average": 15336.58839933073, 
                "median": 11088.0
            }, 
            "missing_impute_with_value": 15336.58839933073
        }, 
        "Status_1": {
            "stats": {}
        }
    }, 
    "feature_order": [
        "Open_CREDIT_Lines", 
        "Loan_Length", 
        "State", 
        "Inquiries_in_the_Last_6_Months", 
        "id", 
        "Status", 
        "Monthly_Income", 
        "Interest_Rate", 
        "FICO_mean", 
        "Date_Of_Birth_parsed_year", 
        "Home_Ownership", 
        "FICO", 
        "Date_Of_Birth_parsed", 
        "Default", 
        "Date_Of_Birth_parsed_day", 
        "Age", 
        "Loan_Purpose", 
        "nb_year_employment", 
        "Debt_To_Income_Ratio", 
        "Amount_Requested", 
        "Date_Of_Birth_parsed_month", 
        "id_1", 
        "Revolving_CREDIT_Balance", 
        "Status_1"
    ]
}