[
    {
        "parameters": {
            "max_features": "auto", 
            "n_estimators": 100, 
            "min_samples_split": 3, 
            "max_depth": 14, 
            "min_samples_leaf": 1
        }, 
        "score_time": 593, 
        "test_score": 0.8347604299508107, 
        "fit_time": 2694, 
        "num_samples": 598, 
        "best_iteration": null, 
        "train_score": 0.9994913685238497, 
        "parameter_id": 1, 
        "time": 3287, 
        "done_at": 1586432490881, 
        "grid_point_id": "{\"max_features\": \"auto\", \"n_estimators\": 100, \"min_samples_split\": 3, \"max_depth\": 14, \"min_samples_leaf\": 1}@0"
    }, 
    {
        "parameters": {
            "max_features": "auto", 
            "n_estimators": 100, 
            "min_samples_split": 3, 
            "max_depth": 14, 
            "min_samples_leaf": 1
        }, 
        "score_time": 571, 
        "test_score": 0.8482014534118744, 
        "fit_time": 2556, 
        "num_samples": 598, 
        "best_iteration": null, 
        "train_score": 0.9995218864124187, 
        "parameter_id": 1, 
        "time": 3127, 
        "done_at": 1586432490719, 
        "grid_point_id": "{\"max_features\": \"auto\", \"n_estimators\": 100, \"min_samples_split\": 3, \"max_depth\": 14, \"min_samples_leaf\": 1}@1"
    }, 
    {
        "parameters": {
            "max_features": "auto", 
            "n_estimators": 100, 
            "min_samples_split": 3, 
            "max_depth": 6, 
            "min_samples_leaf": 1
        }, 
        "score_time": 804, 
        "test_score": 0.8132224044047692, 
        "fit_time": 2347, 
        "num_samples": 598, 
        "best_iteration": null, 
        "train_score": 0.9565933898253359, 
        "parameter_id": 0, 
        "time": 3151, 
        "done_at": 1586432490872, 
        "grid_point_id": "{\"max_features\": \"auto\", \"n_estimators\": 100, \"min_samples_split\": 3, \"max_depth\": 6, \"min_samples_leaf\": 1}@0"
    }, 
    {
        "parameters": {
            "max_features": "auto", 
            "n_estimators": 100, 
            "min_samples_split": 3, 
            "max_depth": 14, 
            "min_samples_leaf": 1
        }, 
        "score_time": 491, 
        "test_score": 0.8470716944092265, 
        "fit_time": 2599, 
        "num_samples": 597, 
        "best_iteration": null, 
        "train_score": 0.9995344223801138, 
        "parameter_id": 1, 
        "time": 3090, 
        "done_at": 1586432490717, 
        "grid_point_id": "{\"max_features\": \"auto\", \"n_estimators\": 100, \"min_samples_split\": 3, \"max_depth\": 14, \"min_samples_leaf\": 1}@2"
    }, 
    {
        "parameters": {
            "max_features": "auto", 
            "n_estimators": 100, 
            "min_samples_split": 3, 
            "max_depth": 6, 
            "min_samples_leaf": 1
        }, 
        "score_time": 246, 
        "test_score": 0.8444235409594699, 
        "fit_time": 910, 
        "num_samples": 597, 
        "best_iteration": null, 
        "train_score": 0.9596971721220218, 
        "parameter_id": 0, 
        "time": 1156, 
        "done_at": 1586432491883, 
        "grid_point_id": "{\"max_features\": \"auto\", \"n_estimators\": 100, \"min_samples_split\": 3, \"max_depth\": 6, \"min_samples_leaf\": 1}@2"
    }, 
    {
        "parameters": {
            "max_features": "auto", 
            "n_estimators": 100, 
            "min_samples_split": 3, 
            "max_depth": 6, 
            "min_samples_leaf": 1
        }, 
        "score_time": 258, 
        "test_score": 0.851237829193741, 
        "fit_time": 957, 
        "num_samples": 598, 
        "best_iteration": null, 
        "train_score": 0.9488977955911823, 
        "parameter_id": 0, 
        "time": 1215, 
        "done_at": 1586432491941, 
        "grid_point_id": "{\"max_features\": \"auto\", \"n_estimators\": 100, \"min_samples_split\": 3, \"max_depth\": 6, \"min_samples_leaf\": 1}@1"
    }
]