{
    "gridSize": 2, 
    "nThreads": 4, 
    "metric": "ROC_AUC", 
    "gridPoints": [
        {
            "index": 0, 
            "finishedAt": 1586432491941.0, 
            "score": 0.8362900578051939, 
            "parameters": {
                "max_features": "auto", 
                "n_estimators": 100, 
                "min_samples_split": 3, 
                "max_depth": 6, 
                "min_samples_leaf": 1
            }, 
            "time": 5522.0
        }, 
        {
            "index": 1, 
            "finishedAt": 1586432490881.0, 
            "score": 0.8433418170965928, 
            "parameters": {
                "max_features": "auto", 
                "n_estimators": 100, 
                "min_samples_split": 3, 
                "max_depth": 14, 
                "min_samples_leaf": 1
            }, 
            "time": 9504.0
        }
    ], 
    "startedAt": 1586432487566, 
    "nSplits": 3
}