{
    "usedGridSearch": true, 
    "probaAware": true, 
    "gridSize": 2, 
    "rawImportance": {
        "variables": [
            "Age", 
            "Amount_Requested", 
            "Date_Of_Birth_parsed", 
            "Date_Of_Birth_parsed_day", 
            "Date_Of_Birth_parsed_month", 
            "Date_Of_Birth_parsed_year", 
            "Debt_To_Income_Ratio", 
            "FICO", 
            "FICO_mean", 
            "Inquiries_in_the_Last_6_Months", 
            "Interest_Rate", 
            "Monthly_Income", 
            "Open_CREDIT_Lines", 
            "Revolving_CREDIT_Balance", 
            "nb_year_employment", 
            "dummy:Loan_Length:36 months", 
            "dummy:Loan_Length:60 months", 
            "dummy:State:CA", 
            "dummy:State:NY", 
            "dummy:State:TX", 
            "dummy:State:FL", 
            "dummy:State:IL", 
            "dummy:State:PA", 
            "dummy:State:GA", 
            "dummy:State:NJ", 
            "dummy:State:VA", 
            "dummy:State:NC", 
            "dummy:State:MD", 
            "dummy:State:CO", 
            "dummy:State:OH", 
            "dummy:State:MA", 
            "dummy:State:WA", 
            "dummy:State:MI", 
            "dummy:State:AZ", 
            "dummy:State:CT", 
            "dummy:State:MN", 
            "dummy:State:AL", 
            "dummy:State:MO", 
            "dummy:State:SC", 
            "dummy:State:OR", 
            "dummy:State:NV", 
            "dummy:State:WI", 
            "dummy:State:KY", 
            "dummy:State:LA", 
            "dummy:State:KS", 
            "dummy:State:OK", 
            "dummy:State:UT", 
            "dummy:State:NH", 
            "dummy:State:NM", 
            "dummy:State:RI", 
            "dummy:State:DC", 
            "dummy:State:HI", 
            "dummy:State:AK", 
            "dummy:State:AR", 
            "dummy:State:WV", 
            "dummy:State:MT", 
            "dummy:State:DE", 
            "dummy:State:WY", 
            "dummy:State:VT", 
            "dummy:State:IN", 
            "dummy:State:IA", 
            "dummy:State:MS", 
            "dummy:Home_Ownership:RENT", 
            "dummy:Home_Ownership:MORTGAGE", 
            "dummy:Home_Ownership:OWNER", 
            "dummy:Home_Ownership:MORTGAE", 
            "dummy:Home_Ownership:OTHER", 
            "dummy:Loan_Purpose:debt_consolidation", 
            "dummy:Loan_Purpose:credit_card", 
            "dummy:Loan_Purpose:other", 
            "dummy:Loan_Purpose:home_improvement", 
            "dummy:Loan_Purpose:major_purchase", 
            "dummy:Loan_Purpose:small_business", 
            "dummy:Loan_Purpose:car", 
            "dummy:Loan_Purpose:wedding", 
            "dummy:Loan_Purpose:moving", 
            "dummy:Loan_Purpose:medical", 
            "dummy:Loan_Purpose:vacation", 
            "dummy:Loan_Purpose:educational", 
            "dummy:Loan_Purpose:house"
        ], 
        "importances": [
            0.019260038182116045, 
            0.025287782448039593, 
            0.027560744951048228, 
            0.027509107773210018, 
            0.016051057334081954, 
            0.017542849879143556, 
            0.03198602522386698, 
            0.2827019498466479, 
            0.22644554181069787, 
            0.014191503112019823, 
            0.08238702085612912, 
            0.030748758451963332, 
            0.023106681941299854, 
            0.046053856717066785, 
            0.020037705698018687, 
            0.0032557258111373783, 
            0.0029803540798691536, 
            0.0048112309237500215, 
            0.0042140174830979475, 
            0.003378607022737649, 
            0.001962549545028542, 
            0.0011883933064784455, 
            0.0011878946038514082, 
            0.002783095668347813, 
            0.0029579043901560055, 
            0.0013954177509370416, 
            0.0022373896017240705, 
            0.0017266782467295913, 
            0.003971925995065541, 
            0.0008643802928494952, 
            0.0033605594602722604, 
            0.0006969129977082617, 
            0.003455710611063754, 
            0.0009036447223927998, 
            0.0013699480462156125, 
            0.0032013636464528084, 
            0.000851220927771667, 
            0.00048507339101925965, 
            0.0010798323401694041, 
            0.0010763612640613091, 
            0.000718716428821718, 
            0.0009485901859780113, 
            0.0014198192297994311, 
            0.0006632790802737332, 
            0.000964792345334774, 
            0.0015824024171826633, 
            0.0008705559185941636, 
            0.0003202151608365611, 
            0.0002756180878516717, 
            0.0005515109950021964, 
            0.0004887343215583943, 
            0.0006528324791971423, 
            0.00022557795172451663, 
            0.0015475971825346436, 
            0.0004093532755543238, 
            1.6446313084916572e-05, 
            7.360257499978626e-05, 
            0.0003858799869645459, 
            0.00021679955636613846, 
            8.096648107572756e-05, 
            0.00011643790588238278, 
            2.5493890137258903e-05, 
            0.004075521861784672, 
            0.004813831843183647, 
            0.0024333128310425126, 
            0.0007644223720115869, 
            0.00017853314555804693, 
            0.0034143175283434203, 
            0.0033317200516315717, 
            0.003279318326482232, 
            0.003279057611686803, 
            0.006697262314343472, 
            0.001644310167101194, 
            0.0012225478542125328, 
            0.0017293740728199056, 
            0.0005912826489546077, 
            0.0006275817970336734, 
            0.00048150392129396146, 
            0.0020668777527442016, 
            0.000547185776780219
        ]
    }, 
    "modelInputNRows": 1793, 
    "modelInputNCols": 90, 
    "modelInputMemory": 1290960, 
    "gridCells": [
        {
            "scoreTimeStd": 0.04382794643704959, 
            "scoreTime": 0.5516666666666666, 
            "fitTime": 2.6163333333333334, 
            "score": 0.8433424471908499, 
            "params": {
                "max_features": "auto", 
                "n_estimators": 100, 
                "min_samples_split": 3, 
                "max_depth": 14, 
                "min_samples_leaf": 1
            }, 
            "fitTimeStd": 0.057656068390258934, 
            "scoreStd": 0.006088431054961432
        }, 
        {
            "scoreTimeStd": 0.2602614070506805, 
            "scoreTime": 0.436, 
            "fitTime": 1.4046666666666665, 
            "score": 0.8362900578051939, 
            "params": {
                "max_features": "auto", 
                "n_estimators": 100, 
                "min_samples_split": 3, 
                "max_depth": 6, 
                "min_samples_leaf": 1
            }, 
            "fitTimeStd": 0.6666064972847341, 
            "scoreStd": 0.01655348553759463
        }
    ], 
    "gridBestScore": 0.8433424471908499, 
    "modelInputIsSparse": false
}