{
    "liftVizData": {
        "wizard": {
            "positives": 57, 
            "total": 447
        }, 
        "bins": [
            {
                "cum_lift": 0.2456140351, 
                "bin_pos_prop": 0.3111111111, 
                "bin_min": 0.6387467073, 
                "percentile_idx": 0, 
                "cum_size": 0.1006711409, 
                "bin_lift": 2.4397660819, 
                "bin_max": 0.733864208
            }, 
            {
                "cum_lift": 0.4912280702, 
                "bin_pos_prop": 0.3111111111, 
                "bin_min": 0.5670230445, 
                "percentile_idx": 1, 
                "cum_size": 0.2013422819, 
                "bin_lift": 2.4397660819, 
                "bin_max": 0.6387467073
            }, 
            {
                "cum_lift": 0.8245614035, 
                "bin_pos_prop": 0.4318181818, 
                "bin_min": 0.449536819, 
                "percentile_idx": 2, 
                "cum_size": 0.2997762864, 
                "bin_lift": 3.3863636364, 
                "bin_max": 0.5670230445
            }, 
            {
                "cum_lift": 0.9824561404, 
                "bin_pos_prop": 0.2, 
                "bin_min": 0.1197172222, 
                "percentile_idx": 3, 
                "cum_size": 0.4004474273, 
                "bin_lift": 1.5684210526, 
                "bin_max": 0.449536819
            }, 
            {
                "cum_lift": 1.0, 
                "bin_pos_prop": 0.0227272727, 
                "bin_min": 0.0361339664, 
                "percentile_idx": 4, 
                "cum_size": 0.4988814318, 
                "bin_lift": 0.1782296651, 
                "bin_max": 0.1197172222
            }, 
            {
                "cum_lift": 1.0, 
                "bin_pos_prop": 0.0, 
                "bin_min": 0.0265451259, 
                "percentile_idx": 5, 
                "cum_size": 0.5995525727, 
                "bin_lift": 0.0, 
                "bin_max": 0.0361339664
            }, 
            {
                "cum_lift": 1.0, 
                "bin_pos_prop": 0.0, 
                "bin_min": 0.0179354407, 
                "percentile_idx": 6, 
                "cum_size": 0.6979865772, 
                "bin_lift": 0.0, 
                "bin_max": 0.0265451259
            }, 
            {
                "cum_lift": 1.0, 
                "bin_pos_prop": 0.0, 
                "bin_min": 0.01, 
                "percentile_idx": 7, 
                "cum_size": 0.7964205817, 
                "bin_lift": 0.0, 
                "bin_max": 0.0179354407
            }, 
            {
                "cum_lift": 1.0, 
                "bin_pos_prop": 0.0, 
                "bin_min": 0.0052916225, 
                "percentile_idx": 8, 
                "cum_size": 0.8948545861, 
                "bin_lift": 0.0, 
                "bin_max": 0.01
            }, 
            {
                "cum_lift": 1.0, 
                "bin_pos_prop": 0.0, 
                "bin_min": 0.0, 
                "percentile_idx": 9, 
                "cum_size": 1.0, 
                "bin_lift": 0.0, 
                "bin_max": 0.0052916225
            }
        ]
    }, 
    "usedThreshold": 0.375, 
    "probaPercentiles": [
        0.0, 
        0.0, 
        0.0, 
        0.0, 
        0.0, 
        0.0, 
        0.0, 
        0.0, 
        0.002257859540919991, 
        0.005291622481442205, 
        0.007166108185734801, 
        0.007429020069593904, 
        0.007935440671818766, 
        0.008349135527049639, 
        0.009082432894578905, 
        0.009528962444302992, 
        0.01, 
        0.01, 
        0.01, 
        0.010000000000000002, 
        0.01168074651704937, 
        0.012871535822735683, 
        0.014308987266585969, 
        0.015339707420059833, 
        0.016137431451011645, 
        0.016284262333303604, 
        0.016649066356717156, 
        0.017279816023223853, 
        0.017780877472965383, 
        0.017935440671818764, 
        0.01834913552704964, 
        0.01834913552704964, 
        0.019100303951367782, 
        0.02, 
        0.02, 
        0.02027201463774477, 
        0.022974997227905268, 
        0.024639890119722882, 
        0.025770986147181194, 
        0.026545125881932426, 
        0.026949649775562662, 
        0.027763165849500115, 
        0.028136302695085488, 
        0.02965104993055004, 
        0.03, 
        0.03061730440586158, 
        0.0318606484390722, 
        0.03376682417811016, 
        0.03504593438608064, 
        0.036133966422582806, 
        0.039394595026119535, 
        0.04557734315621623, 
        0.04866528990981363, 
        0.051554125620753635, 
        0.05429951990397819, 
        0.05683122334341198, 
        0.06182099295073033, 
        0.06657653862896112, 
        0.0739054869985531, 
        0.11971722222139526, 
        0.2003203800606072, 
        0.22877741808744897, 
        0.2827758411126106, 
        0.3167866745759711, 
        0.34817586083507507, 
        0.3702523942968603, 
        0.3974073811981241, 
        0.42832382859380835, 
        0.43483463134404327, 
        0.44953681898852377, 
        0.46668404535994223, 
        0.4819217214297182, 
        0.49827159082428496, 
        0.5011638660817115, 
        0.5117529789811683, 
        0.5141685844439896, 
        0.5200682185875072, 
        0.5309577318219924, 
        0.5492042036032976, 
        0.5670230445203543, 
        0.5782346073421358, 
        0.5818136730495166, 
        0.5866987679458464, 
        0.5897900894360244, 
        0.6005235249673309, 
        0.6076619969502861, 
        0.6175760275289166, 
        0.6243645476292545, 
        0.6319812678526241, 
        0.6387467072715478, 
        0.6451705828882245, 
        0.652342042789141, 
        0.6613174808186073, 
        0.6679411461796365, 
        0.6735039236256636, 
        0.6820997010553669, 
        0.6925959215114206, 
        0.7049501209974168, 
        0.723280494615976
    ], 
    "probaDistribData": {
        "probaDistribs": [
            [
                266.0, 
                6.0, 
                7.0, 
                14.0, 
                19.0, 
                33.0, 
                36.0, 
                9.0, 
                0.0, 
                0.0
            ], 
            [
                1.0, 
                0.0, 
                4.0, 
                2.0, 
                10.0, 
                17.0, 
                20.0, 
                3.0, 
                0.0, 
                0.0
            ]
        ], 
        "bins": [
            0.0, 
            0.1, 
            0.2, 
            0.3, 
            0.4, 
            0.5, 
            0.6, 
            0.7, 
            0.8, 
            0.9, 
            1.0
        ]
    }, 
    "rocVizData": [
        [
            {
                "y": 0.0, 
                "x": 0.0, 
                "p": 1.7338642080177888
            }, 
            {
                "y": 0.05263157894736842, 
                "x": 0.007692307692307693, 
                "p": 0.7205578433308151
            }, 
            {
                "y": 0.10526315789473684, 
                "x": 0.028205128205128206, 
                "p": 0.6843244221600409
            }, 
            {
                "y": 0.14035087719298245, 
                "x": 0.06153846153846154, 
                "p": 0.6613352716673876
            }, 
            {
                "y": 0.19298245614035087, 
                "x": 0.0641025641025641, 
                "p": 0.6541594736433781
            }, 
            {
                "y": 0.24561403508771928, 
                "x": 0.07692307692307693, 
                "p": 0.6393315096899187
            }, 
            {
                "y": 0.2982456140350877, 
                "x": 0.08461538461538462, 
                "p": 0.632211183925593
            }, 
            {
                "y": 0.3333333333333333, 
                "x": 0.11025641025641025, 
                "p": 0.6107590677393243
            }, 
            {
                "y": 0.38596491228070173, 
                "x": 0.11025641025641025, 
                "p": 0.6031242826086133
            }, 
            {
                "y": 0.43859649122807015, 
                "x": 0.12307692307692308, 
                "p": 0.5893311005800183
            }, 
            {
                "y": 0.47368421052631576, 
                "x": 0.14615384615384616, 
                "p": 0.5798811373142012
            }, 
            {
                "y": 0.5263157894736842, 
                "x": 0.15897435897435896, 
                "p": 0.5640928804031627
            }, 
            {
                "y": 0.5614035087719298, 
                "x": 0.17435897435897435, 
                "p": 0.5253939451008407
            }, 
            {
                "y": 0.6140350877192983, 
                "x": 0.18205128205128204, 
                "p": 0.5163562517603858
            }, 
            {
                "y": 0.6666666666666666, 
                "x": 0.18974358974358974, 
                "p": 0.5122001507152313
            }, 
            {
                "y": 0.7192982456140351, 
                "x": 0.2, 
                "p": 0.49945455797670746
            }, 
            {
                "y": 0.7719298245614035, 
                "x": 0.20512820512820512, 
                "p": 0.4904840828290176
            }, 
            {
                "y": 0.8070175438596491, 
                "x": 0.2205128205128205, 
                "p": 0.45401111064550664
            }, 
            {
                "y": 0.8421052631578947, 
                "x": 0.24102564102564103, 
                "p": 0.42987835374782607
            }, 
            {
                "y": 0.8947368421052632, 
                "x": 0.24871794871794872, 
                "p": 0.3981766636833635
            }, 
            {
                "y": 0.9122807017543859, 
                "x": 0.2948717948717949, 
                "p": 0.27218949926714237
            }, 
            {
                "y": 0.9649122807017544, 
                "x": 0.2948717948717949, 
                "p": 0.23908787734862688
            }, 
            {
                "y": 0.9824561403508771, 
                "x": 0.3717948717948718, 
                "p": 0.054653741770721645
            }, 
            {
                "y": 1.0, 
                "x": 0.4076923076923077, 
                "p": 0.04303317688983107
            }, 
            {
                "y": 1.0, 
                "x": 0.47692307692307695, 
                "p": 0.030555603676132647
            }, 
            {
                "y": 1.0, 
                "x": 0.5307692307692308, 
                "p": 0.026990571893010195
            }, 
            {
                "y": 1.0, 
                "x": 0.5871794871794872, 
                "p": 0.020485740424544235
            }, 
            {
                "y": 1.0, 
                "x": 0.6538461538461539, 
                "p": 0.01834913552704964
            }, 
            {
                "y": 1.0, 
                "x": 0.7076923076923077, 
                "p": 0.01627672955974843
            }, 
            {
                "y": 1.0, 
                "x": 0.7666666666666667, 
                "p": 0.01054254212045623
            }, 
            {
                "y": 1.0, 
                "x": 0.8179487179487179, 
                "p": 0.009528962444302992
            }, 
            {
                "y": 1.0, 
                "x": 0.8769230769230769, 
                "p": 0.007166108185734801
            }, 
            {
                "y": 1.0, 
                "x": 1.0, 
                "p": 0.0
            }
        ]
    ], 
    "calibrationData": [
        {
            "y": 0, 
            "x": 0, 
            "n": 0
        }, 
        {
            "y": 0.003745318352059925, 
            "x": 0.021648252877882135, 
            "n": 267.0
        }, 
        {
            "y": 0.0, 
            "x": 0.14761628140331873, 
            "n": 6.0
        }, 
        {
            "y": 0.36363636363636365, 
            "x": 0.25185580647629124, 
            "n": 11.0
        }, 
        {
            "y": 0.125, 
            "x": 0.3547299032823241, 
            "n": 16.0
        }, 
        {
            "y": 0.3448275862068966, 
            "x": 0.45845640469780446, 
            "n": 29.0
        }, 
        {
            "y": 0.34, 
            "x": 0.5503248188100476, 
            "n": 50.0
        }, 
        {
            "y": 0.35714285714285715, 
            "x": 0.6469554363747382, 
            "n": 56.0
        }, 
        {
            "y": 0.25, 
            "x": 0.718360774034636, 
            "n": 12.0
        }, 
        {
            "y": 1, 
            "x": 1, 
            "n": 0
        }
    ], 
    "metrics": {}, 
    "densityData": {
        "0.0": {
            "incorrect": [
                5.479812604306664e-05, 
                0.0001050580503429525, 
                0.0001967558525068882, 
                0.0003600123846299343, 
                0.0006436686504661133, 
                0.0011246924647290142, 
                0.0019209304869389717, 
                0.003207637731968884, 
                0.005237867416848806, 
                0.008366237961799415, 
                0.013074816790496874, 
                0.019998932894317353, 
                0.02994977668381025, 
                0.04392984810185839, 
                0.06313688238204468, 
                0.08895200735622083, 
                0.12290867911615119, 
                0.16664038908795256, 
                0.22180707341376305, 
                0.2900023031128832, 
                0.372645363314214, 
                0.4708639721315395, 
                0.5853745275475196, 
                0.7163674824640938, 
                0.8634059650661989, 
                1.0253463371497638, 
                1.2002901115094653, 
                1.3855773063973396, 
                1.5778313002076805, 
                1.7730636924123577, 
                1.9668437100692922, 
                2.1545298380123272, 
                2.331551858367263, 
                2.4937205849120487, 
                2.637532398270054, 
                2.760428894678926, 
                2.860971128690364, 
                2.938894792681077, 
                2.995027455891539, 
                3.031070008800737, 
                3.0492682164179894, 
                3.0520220042389896, 
                3.0414947574990654, 
                3.019288472973554, 
                2.9862411861055524, 
                2.9423817329719273, 
                2.8870475782034024, 
                2.8191403209898365, 
                2.7374675049723587, 
                2.641104406178505, 
                2.5297088441337348, 
                2.403735505864494, 
                2.2645200637388947, 
                2.114231351319004, 
                1.9557151838943894, 
                1.792270396292535, 
                1.6274032678999764, 
                1.4646008884161008, 
                1.307150225176811, 
                1.1580124450660714, 
                1.0197464098741338, 
                0.8944650483583508, 
                0.7838053451943738, 
                0.6888966081101557, 
                0.6103203357380108, 
                0.548065309637066, 
                0.5014903394545931, 
                0.4693120011284029, 
                0.4496345258017951, 
                0.4400338418240066, 
                0.43769890237780607, 
                0.4396228613450737, 
                0.4428266820080354, 
                0.4445904678637685, 
                0.4426646795992322, 
                0.43543506504442286, 
                0.42202123828085436, 
                0.4022982006142626, 
                0.37684091607583237, 
                0.3468023593155454, 
                0.3137434912482463, 
                0.27943821147601106, 
                0.24567708743490976, 
                0.21409095220990237, 
                0.1860102825075636, 
                0.16236989903163024, 
                0.14366221564607717, 
                0.12993692594028736, 
                0.12084112019797397, 
                0.11569138942274411, 
                0.113568209636307, 
                0.1134224264574223, 
                0.11418368786433256, 
                0.11486111217919562, 
                0.11462742936806318, 
                0.11287948010120354, 
                0.1092704106587113, 
                0.10371207166569828, 
                0.09634966901476251, 
                0.08751407816943813
            ], 
            "incorrectMedian": 0.43521509662731556, 
            "correct": [
                0.00026469945253245424, 
                0.00041772404688066034, 
                0.0006495410402561188, 
                0.0009952559947059181, 
                0.0015028174192899574, 
                0.002236427480275521, 
                0.003280322458269637, 
                0.00474274102716242, 
                0.00675979817888605, 
                0.009498875374995601, 
                0.013161035642789996, 
                0.017981892241942014, 
                0.024230320279563903, 
                0.03220442165395576, 
                0.04222425147894244, 
                0.05462099858613832, 
                0.06972258348489027, 
                0.08783598094164681, 
                0.10922696368703091, 
                0.13409835834500256, 
                0.16256825510184938, 
                0.19464986663522071, 
                0.2302348421674267, 
                0.26908177525435556, 
                0.310811385561777, 
                0.3549094167706931, 
                0.4007377116845911, 
                0.44755326002510554, 
                0.4945343366374134, 
                0.5408122336664218, 
                0.5855066077015737, 
                0.6277621622538259, 
                0.6667842932991637, 
                0.7018714406728191, 
                0.7324421865782765, 
                0.758055582439675, 
                0.7784237154289014, 
                0.7934160938371779, 
                0.8030559891492487, 
                0.8075093845373685, 
                0.8070676166687999, 
                0.8021251405183786, 
                0.79315408116027, 
                0.7806773517031521, 
                0.7652421052987214, 
                0.747395149141844, 
                0.7276616854040295, 
                0.706528375495965, 
                0.6844312809230257, 
                0.6617487601711634, 
                0.6387989492501983, 
                0.6158410780979559, 
                0.5930796230674773, 
                0.570670198011488, 
                0.5487261509763366, 
                0.527325042524398, 
                0.5065144940998688, 
                0.4863172530943573, 
                0.46673566197648414, 
                0.44775598489147417, 
                0.42935319671116273, 
                0.41149686182311007, 
                0.3941586356631436, 
                0.37732174776148436, 
                0.36099262245528224, 
                0.3452146159330875, 
                0.3300837369832477, 
                0.3157661895041801, 
                0.302517609671766, 
                0.2907039167111522, 
                0.28082367210798415, 
                0.2735316528482542, 
                0.26966290294546735, 
                0.2702557807295252, 
                0.27657147285228445, 
                0.2901061851090744, 
                0.3125909205248262, 
                0.3459726778545993, 
                0.3923703722729317, 
                0.4539991374128994, 
                0.5330582150838719, 
                0.6315805624643569, 
                0.7512466049348431, 
                0.8931699872616191, 
                1.057669201739872, 
                1.244044815418838, 
                1.4503867101198518, 
                1.6734382626907018, 
                1.9085438201216753, 
                2.14970156580204, 
                2.389735815418374, 
                2.620591412665116, 
                2.8337393313355155, 
                3.020668480203077, 
                3.173426022276434, 
                3.2851592534686005, 
                3.3506079069152443, 
                3.3664976823611354, 
                3.331793993131599, 
                3.247788561816789
            ], 
            "correctMedian": 0.9714709276105363
        }, 
        "1.0": {
            "incorrect": [
                3.2477885618168005, 
                3.3317939931316287, 
                3.366497682361165, 
                3.3506079069152443, 
                3.2851592534686476, 
                3.173426022276434, 
                3.0206684802030983, 
                2.8337393313355053, 
                2.620591412665116, 
                2.389735815418374, 
                2.149701565802021, 
                1.9085438201216787, 
                1.673438262690693, 
                1.450386710119849, 
                1.2440448154188313, 
                1.0576692017398888, 
                0.8931699872616223, 
                0.7512466049348391, 
                0.6315805624643602, 
                0.5330582150838723, 
                0.4539991374128973, 
                0.3923703722729331, 
                0.34597267785460173, 
                0.31259092052482534, 
                0.29010618510907205, 
                0.27657147285228467, 
                0.2702557807295257, 
                0.2696629029454683, 
                0.27353165284825276, 
                0.28082367210798537, 
                0.2907039167111514, 
                0.3025176096717676, 
                0.31576618950418067, 
                0.33008373698324717, 
                0.34521461593308594, 
                0.36099262245528413, 
                0.377321747761485, 
                0.39415863566314424, 
                0.41149686182310935, 
                0.42935319671116157, 
                0.44775598489147334, 
                0.46673566197648664, 
                0.4863172530943582, 
                0.5065144940998684, 
                0.5273250425243995, 
                0.5487261509763386, 
                0.570670198011492, 
                0.5930796230674746, 
                0.6158410780979574, 
                0.6387989492501994, 
                0.6617487601711651, 
                0.6844312809230257, 
                0.7065283754959613, 
                0.7276616854040321, 
                0.7473951491418427, 
                0.7652421052987242, 
                0.7806773517031508, 
                0.7931540811602714, 
                0.8021251405183829, 
                0.8070676166688028, 
                0.8075093845373656, 
                0.8030559891492458, 
                0.7934160938371808, 
                0.7784237154289, 
                0.7580555824396736, 
                0.7324421865782804, 
                0.7018714406728154, 
                0.6667842932991648, 
                0.6277621622538281, 
                0.5855066077015733, 
                0.5408122336664208, 
                0.494534336637413, 
                0.44755326002510476, 
                0.40073771168458966, 
                0.35490941677069376, 
                0.310811385561777, 
                0.26908177525435556, 
                0.2302348421674263, 
                0.19464986663522002, 
                0.16256825510184952, 
                0.13409835834500256, 
                0.10922696368703053, 
                0.08783598094164638, 
                0.06972258348489008, 
                0.054620998586138295, 
                0.04222425147894231, 
                0.032204421653955706, 
                0.02423032027956377, 
                0.017981892241941952, 
                0.013161035642789915, 
                0.00949887537499555, 
                0.006759798178886027, 
                0.004742741027162403, 
                0.0032803224582696254, 
                0.002236427480275505, 
                0.001502817419289952, 
                0.0009952559947059147, 
                0.0006495410402561137, 
                0.0004177240468806592, 
                0.0002646994525324538
            ], 
            "incorrectMedian": 0.02852907238946369, 
            "correct": [
                0.0875140781694382, 
                0.09634966901476263, 
                0.10371207166569837, 
                0.10927041065871135, 
                0.11287948010120358, 
                0.11462742936806314, 
                0.11486111217919552, 
                0.11418368786433246, 
                0.1134224264574221, 
                0.11356820963630675, 
                0.11569138942274385, 
                0.12084112019797363, 
                0.12993692594028702, 
                0.14366221564607673, 
                0.16236989903162993, 
                0.1860102825075631, 
                0.214090952209902, 
                0.24567708743490965, 
                0.2794382114760108, 
                0.3137434912482463, 
                0.34680235931554526, 
                0.37684091607583237, 
                0.4022982006142624, 
                0.42202123828085436, 
                0.43543506504442325, 
                0.4426646795992324, 
                0.44459046786376893, 
                0.44282668200803577, 
                0.43962286134507417, 
                0.43769890237780645, 
                0.440033841824007, 
                0.44963452580179547, 
                0.4693120011284035, 
                0.5014903394545931, 
                0.5480653096370663, 
                0.6103203357380119, 
                0.6888966081101563, 
                0.7838053451943742, 
                0.8944650483583513, 
                1.019746409874135, 
                1.1580124450660723, 
                1.307150225176811, 
                1.4646008884161008, 
                1.6274032678999777, 
                1.792270396292535, 
                1.9557151838943894, 
                2.114231351319004, 
                2.264520063738897, 
                2.403735505864494, 
                2.5297088441337348, 
                2.6411044061785094, 
                2.737467504972361, 
                2.8191403209898365, 
                2.8870475782034024, 
                2.94238173297193, 
                2.986241186105555, 
                3.0192884729735567, 
                3.041494757499068, 
                3.0520220042389923, 
                3.049268216417984, 
                3.03107000880074, 
                2.9950274558915417, 
                2.938894792681077, 
                2.860971128690364, 
                2.760428894678929, 
                2.637532398270054, 
                2.4937205849120465, 
                2.331551858367263, 
                2.1545298380123237, 
                1.9668437100692906, 
                1.773063692412353, 
                1.5778313002076776, 
                1.385577306397337, 
                1.2002901115094622, 
                1.025346337149762, 
                0.8634059650661955, 
                0.7163674824640915, 
                0.5853745275475178, 
                0.4708639721315374, 
                0.37264536331421233, 
                0.29000230311288133, 
                0.22180707341376185, 
                0.16664038908795123, 
                0.12290867911615037, 
                0.08895200735622032, 
                0.06313688238204405, 
                0.043929848101858036, 
                0.029949776683809954, 
                0.019998932894317176, 
                0.013074816790496711, 
                0.008366237961799318, 
                0.00523786741684875, 
                0.003207637731968833, 
                0.0019209304869389496, 
                0.0011246924647289973, 
                0.0006436686504661035, 
                0.0003600123846299301, 
                0.0001967558525068847, 
                0.00010505805034295063, 
                5.479812604306606e-05
            ], 
            "correctMedian": 0.5647849033726845
        }
    }, 
    "perCutData": {
        "fp": [
            352, 
            218, 
            150, 
            126, 
            124, 
            123, 
            120, 
            119, 
            118, 
            115, 
            115, 
            114, 
            111, 
            107, 
            104, 
            99, 
            97, 
            95, 
            87, 
            83, 
            78, 
            68, 
            64, 
            58, 
            45, 
            34, 
            26, 
            16, 
            9, 
            3, 
            0, 
            0, 
            0, 
            0, 
            0, 
            0, 
            0, 
            0, 
            0, 
            0
        ], 
        "f1": [
            0.2446351931330472, 
            0.3433734939759036, 
            0.42585551330798477, 
            0.46861924686192474, 
            0.47257383966244726, 
            0.47457627118644063, 
            0.48068669527897, 
            0.4827586206896552, 
            0.4848484848484848, 
            0.4845814977973569, 
            0.4778761061946903, 
            0.46636771300448426, 
            0.4727272727272728, 
            0.48148148148148145, 
            0.48826291079812206, 
            0.5, 
            0.49019607843137253, 
            0.4950495049504951, 
            0.4921465968586388, 
            0.4864864864864865, 
            0.45714285714285713, 
            0.4177215189873418, 
            0.3973509933774835, 
            0.39160839160839156, 
            0.368, 
            0.34545454545454546, 
            0.23404255319148934, 
            0.1518987341772152, 
            0.08695652173913043, 
            0.06451612903225806, 
            0.0, 
            0.0, 
            0.0, 
            0.0, 
            0.0, 
            0.0, 
            0.0, 
            0.0, 
            0.0, 
            0.0
        ], 
        "mcc": [
            0.11652933515095713, 
            0.30234514617004754, 
            0.4000489345778798, 
            0.4476580051177007, 
            0.45193677730509313, 
            0.45409656983163693, 
            0.4606600478412375, 
            0.4628766175114258, 
            0.4651079242803275, 
            0.4603693808196728, 
            0.44883038637879963, 
            0.4279916639222827, 
            0.43495556389758316, 
            0.44446986340262334, 
            0.4517871774460941, 
            0.4643527397638412, 
            0.44620914471176554, 
            0.45143959472212597, 
            0.4378945998788714, 
            0.42548483904536416, 
            0.3796837027141932, 
            0.32268918902963084, 
            0.2964713666648644, 
            0.2898279830669292, 
            0.2675933653284055, 
            0.25397461558443335, 
            0.15290953996443826, 
            0.09904958737011063, 
            0.06099024623182071, 
            0.08688632420550417, 
            0.0, 
            0.0, 
            0.0, 
            0.0, 
            0.0, 
            0.0, 
            0.0, 
            0.0, 
            0.0, 
            0.0
        ], 
        "precision": [
            0.1393643031784841, 
            0.20727272727272728, 
            0.27184466019417475, 
            0.3076923076923077, 
            0.3111111111111111, 
            0.3128491620111732, 
            0.3181818181818182, 
            0.32, 
            0.3218390804597701, 
            0.3235294117647059, 
            0.31952662721893493, 
            0.3132530120481928, 
            0.31901840490797545, 
            0.3270440251572327, 
            0.3333333333333333, 
            0.3443708609271523, 
            0.3401360544217687, 
            0.3448275862068966, 
            0.35074626865671643, 
            0.3515625, 
            0.3389830508474576, 
            0.32673267326732675, 
            0.3191489361702128, 
            0.32558139534883723, 
            0.3382352941176471, 
            0.3584905660377358, 
            0.2972972972972973, 
            0.2727272727272727, 
            0.25, 
            0.4, 
            1.0, 
            1.0, 
            1.0, 
            1.0, 
            1.0, 
            1.0, 
            1.0, 
            1.0, 
            1.0, 
            1.0
        ], 
        "hammingLoss": [
            0.7874720357941835, 
            0.48769574944071586, 
            0.3378076062639821, 
            0.2841163310961969, 
            0.2796420581655481, 
            0.27740492170022374, 
            0.27069351230425054, 
            0.2684563758389262, 
            0.2662192393736018, 
            0.26174496644295303, 
            0.2639821029082774, 
            0.2662192393736018, 
            0.2595078299776286, 
            0.2505592841163311, 
            0.24384787472035793, 
            0.232662192393736, 
            0.232662192393736, 
            0.22818791946308725, 
            0.21700223713646533, 
            0.21252796420581654, 
            0.21252796420581654, 
            0.2058165548098434, 
            0.203579418344519, 
            0.19463087248322147, 
            0.1767337807606264, 
            0.1610738255033557, 
            0.1610738255033557, 
            0.14988814317673377, 
            0.14093959731543623, 
            0.1297539149888143, 
            0.12751677852348994, 
            0.12751677852348994, 
            0.12751677852348994, 
            0.12751677852348994, 
            0.12751677852348994, 
            0.12751677852348994, 
            0.12751677852348994, 
            0.12751677852348994, 
            0.12751677852348994, 
            0.12751677852348994
        ], 
        "fn": [
            0, 
            0, 
            1, 
            1, 
            1, 
            1, 
            1, 
            1, 
            1, 
            2, 
            3, 
            5, 
            5, 
            5, 
            5, 
            5, 
            7, 
            7, 
            10, 
            12, 
            17, 
            24, 
            27, 
            29, 
            34, 
            38, 
            46, 
            51, 
            54, 
            55, 
            57, 
            57, 
            57, 
            57, 
            57, 
            57, 
            57, 
            57, 
            57, 
            57
        ], 
        "cut": [
            0.0, 
            0.025, 
            0.05, 
            0.07500000000000001, 
            0.1, 
            0.125, 
            0.15000000000000002, 
            0.17500000000000002, 
            0.2, 
            0.225, 
            0.25, 
            0.275, 
            0.30000000000000004, 
            0.325, 
            0.35000000000000003, 
            0.375, 
            0.4, 
            0.42500000000000004, 
            0.45, 
            0.47500000000000003, 
            0.5, 
            0.525, 
            0.55, 
            0.5750000000000001, 
            0.6000000000000001, 
            0.625, 
            0.65, 
            0.675, 
            0.7000000000000001, 
            0.7250000000000001, 
            0.75, 
            0.775, 
            0.8, 
            0.8250000000000001, 
            0.8500000000000001, 
            0.875, 
            0.9, 
            0.925, 
            0.9500000000000001, 
            0.9750000000000001
        ], 
        "recall": [
            1.0, 
            1.0, 
            0.9824561403508771, 
            0.9824561403508771, 
            0.9824561403508771, 
            0.9824561403508771, 
            0.9824561403508771, 
            0.9824561403508771, 
            0.9824561403508771, 
            0.9649122807017544, 
            0.9473684210526315, 
            0.9122807017543859, 
            0.9122807017543859, 
            0.9122807017543859, 
            0.9122807017543859, 
            0.9122807017543859, 
            0.8771929824561403, 
            0.8771929824561403, 
            0.8245614035087719, 
            0.7894736842105263, 
            0.7017543859649122, 
            0.5789473684210527, 
            0.5263157894736842, 
            0.49122807017543857, 
            0.40350877192982454, 
            0.3333333333333333, 
            0.19298245614035087, 
            0.10526315789473684, 
            0.05263157894736842, 
            0.03508771929824561, 
            0.0, 
            0.0, 
            0.0, 
            0.0, 
            0.0, 
            0.0, 
            0.0, 
            0.0, 
            0.0, 
            0.0
        ], 
        "tp": [
            57, 
            57, 
            56, 
            56, 
            56, 
            56, 
            56, 
            56, 
            56, 
            55, 
            54, 
            52, 
            52, 
            52, 
            52, 
            52, 
            50, 
            50, 
            47, 
            45, 
            40, 
            33, 
            30, 
            28, 
            23, 
            19, 
            11, 
            6, 
            3, 
            2, 
            0, 
            0, 
            0, 
            0, 
            0, 
            0, 
            0, 
            0, 
            0, 
            0
        ], 
        "tn": [
            38, 
            172, 
            240, 
            264, 
            266, 
            267, 
            270, 
            271, 
            272, 
            275, 
            275, 
            276, 
            279, 
            283, 
            286, 
            291, 
            293, 
            295, 
            303, 
            307, 
            312, 
            322, 
            326, 
            332, 
            345, 
            356, 
            364, 
            374, 
            381, 
            387, 
            390, 
            390, 
            390, 
            390, 
            390, 
            390, 
            390, 
            390, 
            390, 
            390
        ], 
        "accuracy": [
            0.21252796420581654, 
            0.5123042505592841, 
            0.6621923937360179, 
            0.7158836689038032, 
            0.7203579418344519, 
            0.7225950782997763, 
            0.7293064876957495, 
            0.7315436241610739, 
            0.7337807606263982, 
            0.738255033557047, 
            0.7360178970917226, 
            0.7337807606263982, 
            0.7404921700223713, 
            0.7494407158836689, 
            0.756152125279642, 
            0.767337807606264, 
            0.767337807606264, 
            0.7718120805369127, 
            0.7829977628635347, 
            0.7874720357941835, 
            0.7874720357941835, 
            0.7941834451901566, 
            0.796420581655481, 
            0.8053691275167785, 
            0.8232662192393736, 
            0.8389261744966443, 
            0.8389261744966443, 
            0.8501118568232662, 
            0.8590604026845637, 
            0.8702460850111857, 
            0.87248322147651, 
            0.87248322147651, 
            0.87248322147651, 
            0.87248322147651, 
            0.87248322147651, 
            0.87248322147651, 
            0.87248322147651, 
            0.87248322147651, 
            0.87248322147651, 
            0.87248322147651
        ]
    }, 
    "optimalThreshold": 0.375, 
    "tiMetrics": {
        "logLoss": 0.3145626873658155, 
        "auc": 0.8503823661718399, 
        "lift": 2.467179183914843, 
        "calibrationLoss": 0.10342808991103379
    }, 
    "processed_feature_names": [
        "Age", 
        "Amount_Requested", 
        "Date_Of_Birth_parsed", 
        "Date_Of_Birth_parsed_day", 
        "Date_Of_Birth_parsed_month", 
        "Date_Of_Birth_parsed_year", 
        "Debt_To_Income_Ratio", 
        "FICO", 
        "FICO_mean", 
        "Inquiries_in_the_Last_6_Months", 
        "Interest_Rate", 
        "Monthly_Income", 
        "Open_CREDIT_Lines", 
        "Revolving_CREDIT_Balance", 
        "nb_year_employment", 
        "dummy:Loan_Length:36 months", 
        "dummy:Loan_Length:60 months", 
        "dummy:Loan_Length:N/A", 
        "dummy:Loan_Length:__Others__", 
        "dummy:State:CA", 
        "dummy:State:NY", 
        "dummy:State:TX", 
        "dummy:State:FL", 
        "dummy:State:IL", 
        "dummy:State:PA", 
        "dummy:State:GA", 
        "dummy:State:NJ", 
        "dummy:State:VA", 
        "dummy:State:NC", 
        "dummy:State:MD", 
        "dummy:State:CO", 
        "dummy:State:OH", 
        "dummy:State:MA", 
        "dummy:State:WA", 
        "dummy:State:MI", 
        "dummy:State:AZ", 
        "dummy:State:CT", 
        "dummy:State:MN", 
        "dummy:State:AL", 
        "dummy:State:MO", 
        "dummy:State:SC", 
        "dummy:State:OR", 
        "dummy:State:NV", 
        "dummy:State:WI", 
        "dummy:State:KY", 
        "dummy:State:LA", 
        "dummy:State:KS", 
        "dummy:State:OK", 
        "dummy:State:UT", 
        "dummy:State:NH", 
        "dummy:State:NM", 
        "dummy:State:RI", 
        "dummy:State:DC", 
        "dummy:State:HI", 
        "dummy:State:AK", 
        "dummy:State:AR", 
        "dummy:State:WV", 
        "dummy:State:MT", 
        "dummy:State:DE", 
        "dummy:State:WY", 
        "dummy:State:VT", 
        "dummy:State:SD", 
        "dummy:State:IN", 
        "dummy:State:IA", 
        "dummy:State:MS", 
        "dummy:State:N/A", 
        "dummy:State:__Others__", 
        "dummy:Home_Ownership:RENT", 
        "dummy:Home_Ownership:MORTGAGE", 
        "dummy:Home_Ownership:OWNER", 
        "dummy:Home_Ownership:MORTGAE", 
        "dummy:Home_Ownership:OTHER", 
        "dummy:Home_Ownership:N/A", 
        "dummy:Home_Ownership:__Others__", 
        "dummy:Loan_Purpose:debt_consolidation", 
        "dummy:Loan_Purpose:credit_card", 
        "dummy:Loan_Purpose:other", 
        "dummy:Loan_Purpose:home_improvement", 
        "dummy:Loan_Purpose:major_purchase", 
        "dummy:Loan_Purpose:small_business", 
        "dummy:Loan_Purpose:car", 
        "dummy:Loan_Purpose:wedding", 
        "dummy:Loan_Purpose:moving", 
        "dummy:Loan_Purpose:medical", 
        "dummy:Loan_Purpose:vacation", 
        "dummy:Loan_Purpose:educational", 
        "dummy:Loan_Purpose:house", 
        "dummy:Loan_Purpose:renewable_energy", 
        "dummy:Loan_Purpose:N/A", 
        "dummy:Loan_Purpose:__Others__"
    ], 
    "globalMetrics": {
        "predictionAvg": [
            0.3378076062639821
        ], 
        "predictionStd": [
            0.4734925370400236
        ], 
        "targetStd": [
            0.3339246968901605
        ], 
        "targetAvg": [
            0.12751677852348994
        ], 
        "testWeight": 447
    }
}