{
  "state": "DONE",
  "preSearchDescription": {
    "gridLength": 2,
    "importantParams": [
      {
        "name": "trees",
        "vals": [
          "100"
        ]
      },
      {
        "name": "depth",
        "vals": [
          "6",
          "14"
        ]
      },
      {
        "name": "min_samples",
        "vals": [
          "1"
        ]
      }
    ]
  },
  "postSearchDescription": {
    "importantParams": [
      {
        "name": "trees",
        "val": "100"
      },
      {
        "name": "depth",
        "val": "14"
      },
      {
        "name": "min_samples",
        "val": "1"
      }
    ]
  },
  "timeOrderingEnabled": false,
  "sampleWeightsEnabled": false,
  "modelId": "m1",
  "progress": {
    "top_level_todo": [],
    "stack": [],
    "top_level_done": [
      {
        "name": "Loading train set",
        "time": 79
      },
      {
        "name": "Loading test set",
        "time": 30
      },
      {
        "name": "Collecting statistics",
        "time": 64
      },
      {
        "name": "Preprocessing train set",
        "time": 112
      },
      {
        "name": "Preprocessing test set",
        "time": 52
      },
      {
        "name": "Grid searching",
        "time": 5052
      },
      {
        "name": "Fitting model",
        "time": 396
      },
      {
        "name": "Saving model",
        "time": 45
      },
      {
        "name": "Scoring model",
        "time": 1137
      }
    ]
  },
  "startTime": 1586432487218,
  "endTime": 1586432494190,
  "preprocessingTime": 340,
  "trainingTime": 6632
}