{
  "type": "saved-model_report",
  "params": {
    "savedModelSmartId": "I76xH7YE"
  },
  "owner": "dataiku-admin",
  "listed": false,
  "name": "Confusion Matrix",
  "dashboardCreationId": "FR7Hcy3",
  "versionTag": {
    "versionNumber": 0,
    "lastModifiedBy": {
      "login": "dataiku-admin"
    },
    "lastModifiedOn": 1586531331075
  },
  "creationTag": {
    "versionNumber": 0,
    "lastModifiedBy": {
      "login": "dataiku-admin"
    },
    "lastModifiedOn": 1586531331075
  },
  "tags": [],
  "customFields": {},
  "checklists": {
    "checklists": []
  }
}