{
  "type": "split",
  "neverRecomputeExistingPartitions": false,
  "optionalDependencies": false,
  "customMeta": {
    "kv": {}
  },
  "redispatchPartitioning": false,
  "maxRunningActivities": 0,
  "inputs": {
    "main": {
      "items": [
        {
          "ref": "titanic_prepared",
          "deps": []
        }
      ]
    }
  },
  "outputs": {
    "main": {
      "items": [
        {
          "ref": "known_prep",
          "appendMode": false
        },
        {
          "ref": "unknown_prep",
          "appendMode": false
        }
      ]
    }
  },
  "versionTag": {
    "versionNumber": 2,
    "lastModifiedBy": {
      "login": "dataiku-admin"
    },
    "lastModifiedOn": 1586527462437
  },
  "creationTag": {
    "versionNumber": 0,
    "lastModifiedBy": {
      "login": "dataiku-admin"
    },
    "lastModifiedOn": 1586523910779
  },
  "tags": [],
  "customFields": {},
  "checklists": {
    "checklists": []
  }
}