{
    "usedGridSearch": true, 
    "probaAware": true, 
    "gridSize": 1, 
    "rawImportance": {
        "variables": [
            "Age", 
            "Family_count", 
            "Fare", 
            "Pclass", 
            "dummy:Embarked:S", 
            "dummy:Embarked:C", 
            "dummy:Title:Mr", 
            "dummy:Title:Master", 
            "dummy:Title:Rev", 
            "dummy:Sex:male", 
            "dummy:Ticket:1601", 
            "dummy:Ticket:347077", 
            "dummy:Ticket:113781", 
            "dummy:Ticket:S.O./P.P. 3", 
            "dummy:Ticket:11668", 
            "dummy:Cabin:E", 
            "dummy:Cabin:N/A"
        ], 
        "importances": [
            0.11428571492433548, 
            0.08571428805589676, 
            0.08571428805589676, 
            0.12857143580913544, 
            0.02857142873108387, 
            0.014285714365541935, 
            0.04285714402794838, 
            0.05714285746216774, 
            0.014285714365541935, 
            0.11428571492433548, 
            0.05714285746216774, 
            0.014285714365541935, 
            0.0714285746216774, 
            0.014285714365541935, 
            0.014285714365541935, 
            0.05714285746216774, 
            0.08571428805589676
        ]
    }, 
    "modelInputNRows": 712, 
    "modelInputNCols": 150, 
    "modelInputMemory": 854400, 
    "gridCells": [
        {
            "scoreTimeStd": 0.0020548046676563255, 
            "scoreTime": 0.009666666666666667, 
            "fitTime": 0.043333333333333335, 
            "score": 0.8608087519549402, 
            "params": {
                "reg_alpha": 0.0, 
                "colsample_bytree": 1.0, 
                "colsample_bylevel": 1.0, 
                "learning_rate": 0.2, 
                "max_delta_step": 0.0, 
                "min_child_weight": 0.0, 
                "n_estimators": 10, 
                "subsample": 1.0, 
                "reg_lambda": 1.0, 
                "max_depth": 3, 
                "gamma": 0.0, 
                "booster": "gbtree"
            }, 
            "fitTimeStd": 0.0049888765156985895, 
            "scoreStd": 0.01866274519561199
        }
    ], 
    "gridBestScore": 0.8608087519549402, 
    "modelInputIsSparse": false, 
    "nBoostedEstimators": 13
}