{
    "gridSize": 5, 
    "nThreads": 4, 
    "metric": "ROC_AUC", 
    "gridPoints": [
        {
            "index": 0, 
            "finishedAt": 1586528224491.0, 
            "score": 0.8564108433655367, 
            "parameters": {
                "penalty": "l2", 
                "C": 0.01
            }, 
            "time": 121.0
        }, 
        {
            "index": 1, 
            "finishedAt": 1586528224449.0, 
            "score": 0.8679759280458622, 
            "parameters": {
                "penalty": "l2", 
                "C": 0.1
            }, 
            "time": 96.0
        }, 
        {
            "index": 2, 
            "finishedAt": 1586528224593.0, 
            "score": 0.8771174322565586, 
            "parameters": {
                "penalty": "l2", 
                "C": 1.0
            }, 
            "time": 56.0
        }, 
        {
            "index": 3, 
            "finishedAt": 1586528224567.0, 
            "score": 0.8804035922677612, 
            "parameters": {
                "penalty": "l2", 
                "C": 10.0
            }, 
            "time": 150.0
        }, 
        {
            "index": 4, 
            "finishedAt": 1586528224591.0, 
            "score": 0.8693763328218831, 
            "parameters": {
                "penalty": "l2", 
                "C": 100.0
            }, 
            "time": 133.0
        }
    ], 
    "startedAt": 1586528224385, 
    "nSplits": 3
}