[
    {
        "parameters": {
            "penalty": "l2", 
            "C": 0.01
        }, 
        "score_time": 21, 
        "test_score": 0.837818643941093, 
        "fit_time": 8, 
        "num_samples": 238, 
        "best_iteration": null, 
        "train_score": 0.863481228668942, 
        "parameter_id": 0, 
        "time": 29, 
        "done_at": 1586528224459, 
        "grid_point_id": "{\"penalty\": \"l2\", \"C\": 0.01}@1"
    }, 
    {
        "parameters": {
            "penalty": "l2", 
            "C": 1.0
        }, 
        "score_time": 14, 
        "test_score": 0.8623383419301788, 
        "fit_time": 6, 
        "num_samples": 238, 
        "best_iteration": null, 
        "train_score": 0.9092828993268343, 
        "parameter_id": 2, 
        "time": 20, 
        "done_at": 1586528224574, 
        "grid_point_id": "{\"penalty\": \"l2\", \"C\": 1.0}@1"
    }, 
    {
        "parameters": {
            "penalty": "l2", 
            "C": 0.1
        }, 
        "score_time": 8, 
        "test_score": 0.8634322678843227, 
        "fit_time": 12, 
        "num_samples": 236, 
        "best_iteration": null, 
        "train_score": 0.8813915676160574, 
        "parameter_id": 1, 
        "time": 20, 
        "done_at": 1586528224418, 
        "grid_point_id": "{\"penalty\": \"l2\", \"C\": 0.1}@2"
    }, 
    {
        "parameters": {
            "penalty": "l2", 
            "C": 1.0
        }, 
        "score_time": 15, 
        "test_score": 0.8980713164386634, 
        "fit_time": 6, 
        "num_samples": 238, 
        "best_iteration": null, 
        "train_score": 0.9025606697716515, 
        "parameter_id": 2, 
        "time": 21, 
        "done_at": 1586528224575, 
        "grid_point_id": "{\"penalty\": \"l2\", \"C\": 1.0}@0"
    }, 
    {
        "parameters": {
            "penalty": "l2", 
            "C": 10.0
        }, 
        "score_time": 79, 
        "test_score": 0.8765220700152208, 
        "fit_time": 8, 
        "num_samples": 236, 
        "best_iteration": null, 
        "train_score": 0.9311972041563878, 
        "parameter_id": 3, 
        "time": 87, 
        "done_at": 1586528224567, 
        "grid_point_id": "{\"penalty\": \"l2\", \"C\": 10.0}@2"
    }, 
    {
        "parameters": {
            "penalty": "l2", 
            "C": 100.0
        }, 
        "score_time": 16, 
        "test_score": 0.8631606488749346, 
        "fit_time": 13, 
        "num_samples": 238, 
        "best_iteration": null, 
        "train_score": 0.944015990043935, 
        "parameter_id": 4, 
        "time": 29, 
        "done_at": 1586528224546, 
        "grid_point_id": "{\"penalty\": \"l2\", \"C\": 100.0}@1"
    }, 
    {
        "parameters": {
            "penalty": "l2", 
            "C": 0.1
        }, 
        "score_time": 18, 
        "test_score": 0.8892502055767363, 
        "fit_time": 4, 
        "num_samples": 238, 
        "best_iteration": null, 
        "train_score": 0.8727207587728394, 
        "parameter_id": 1, 
        "time": 22, 
        "done_at": 1586528224413, 
        "grid_point_id": "{\"penalty\": \"l2\", \"C\": 0.1}@0"
    }, 
    {
        "parameters": {
            "penalty": "l2", 
            "C": 0.01
        }, 
        "score_time": 20, 
        "test_score": 0.8576484018264839, 
        "fit_time": 6, 
        "num_samples": 236, 
        "best_iteration": null, 
        "train_score": 0.8634596695821185, 
        "parameter_id": 0, 
        "time": 26, 
        "done_at": 1586528224458, 
        "grid_point_id": "{\"penalty\": \"l2\", \"C\": 0.01}@2"
    }, 
    {
        "parameters": {
            "penalty": "l2", 
            "C": 10.0
        }, 
        "score_time": 21, 
        "test_score": 0.8693653285490021, 
        "fit_time": 10, 
        "num_samples": 238, 
        "best_iteration": null, 
        "train_score": 0.9316274772311579, 
        "parameter_id": 3, 
        "time": 31, 
        "done_at": 1586528224500, 
        "grid_point_id": "{\"penalty\": \"l2\", \"C\": 10.0}@1"
    }, 
    {
        "parameters": {
            "penalty": "l2", 
            "C": 10.0
        }, 
        "score_time": 19, 
        "test_score": 0.8952306197204156, 
        "fit_time": 13, 
        "num_samples": 238, 
        "best_iteration": null, 
        "train_score": 0.9287801934644467, 
        "parameter_id": 3, 
        "time": 32, 
        "done_at": 1586528224500, 
        "grid_point_id": "{\"penalty\": \"l2\", \"C\": 10.0}@0"
    }, 
    {
        "parameters": {
            "penalty": "l2", 
            "C": 100.0
        }, 
        "score_time": 61, 
        "test_score": 0.8811018913059729, 
        "fit_time": 14, 
        "num_samples": 238, 
        "best_iteration": null, 
        "train_score": 0.9360775366281372, 
        "parameter_id": 4, 
        "time": 75, 
        "done_at": 1586528224591, 
        "grid_point_id": "{\"penalty\": \"l2\", \"C\": 100.0}@0"
    }, 
    {
        "parameters": {
            "penalty": "l2", 
            "C": 0.1
        }, 
        "score_time": 46, 
        "test_score": 0.8514240861179636, 
        "fit_time": 8, 
        "num_samples": 238, 
        "best_iteration": null, 
        "train_score": 0.8863914920898308, 
        "parameter_id": 1, 
        "time": 54, 
        "done_at": 1586528224449, 
        "grid_point_id": "{\"penalty\": \"l2\", \"C\": 0.1}@1"
    }, 
    {
        "parameters": {
            "penalty": "l2", 
            "C": 1.0
        }, 
        "score_time": 10, 
        "test_score": 0.8711187214611873, 
        "fit_time": 5, 
        "num_samples": 236, 
        "best_iteration": null, 
        "train_score": 0.9064065186514166, 
        "parameter_id": 2, 
        "time": 15, 
        "done_at": 1586528224593, 
        "grid_point_id": "{\"penalty\": \"l2\", \"C\": 1.0}@2"
    }, 
    {
        "parameters": {
            "penalty": "l2", 
            "C": 100.0
        }, 
        "score_time": 16, 
        "test_score": 0.86396499238965, 
        "fit_time": 13, 
        "num_samples": 236, 
        "best_iteration": null, 
        "train_score": 0.9408312775659715, 
        "parameter_id": 4, 
        "time": 29, 
        "done_at": 1586528224546, 
        "grid_point_id": "{\"penalty\": \"l2\", \"C\": 100.0}@2"
    }, 
    {
        "parameters": {
            "penalty": "l2", 
            "C": 0.01
        }, 
        "score_time": 62, 
        "test_score": 0.8737758839799655, 
        "fit_time": 4, 
        "num_samples": 238, 
        "best_iteration": null, 
        "train_score": 0.8541851300133879, 
        "parameter_id": 0, 
        "time": 66, 
        "done_at": 1586528224491, 
        "grid_point_id": "{\"penalty\": \"l2\", \"C\": 0.01}@0"
    }
]