{
  "state": "DONE",
  "preSearchDescription": {
    "gridLength": 5,
    "importantParams": [
      {
        "name": "penalty",
        "vals": [
          "l2"
        ]
      },
      {
        "name": "C",
        "vals": [
          "0.01",
          "0.1",
          "1.0",
          "10.0",
          "100.0"
        ]
      }
    ]
  },
  "postSearchDescription": {
    "importantParams": [
      {
        "name": "C",
        "val": "10.0"
      },
      {
        "name": "penalty",
        "val": "l2"
      }
    ]
  },
  "timeOrderingEnabled": false,
  "sampleWeightsEnabled": false,
  "modelId": "m1",
  "progress": {
    "top_level_todo": [],
    "stack": [],
    "top_level_done": [
      {
        "name": "Loading train set",
        "time": 8
      },
      {
        "name": "Loading test set",
        "time": 5
      },
      {
        "name": "Collecting statistics",
        "time": 15
      },
      {
        "name": "Preprocessing train set",
        "time": 37
      },
      {
        "name": "Preprocessing test set",
        "time": 27
      },
      {
        "name": "Grid searching",
        "time": 1016
      },
      {
        "name": "Fitting model",
        "time": 10
      },
      {
        "name": "Saving model",
        "time": 2
      },
      {
        "name": "Scoring model",
        "time": 666
      }
    ]
  },
  "startTime": 1586528224286,
  "endTime": 1586528226074,
  "preprocessingTime": 94,
  "trainingTime": 1694
}